category,Netz aktuell,Netz Ø,SunEnergy Ist,SunEnergy Soll,Hoymiles,SunEnergy AC,Hausverbrauch,Batterie SOC,Heizung,Pool,Desk PC,Trockner,Waschmaschine,Server,Bambu H2C,Bambu X1C,Entkalkung,Gaming Monitore,Treppe,Kaffeemaschine,Küche Unterbau 1,Küche Unterbau 2,Küche Unterbau 3,Küche Unterbau 4,Carport Licht 1,Carport Licht 2,Carport Licht 3,Carport Licht 4
Thu Jun 04 2026,,-61.930357142857126,0,-2033.7037037037037,,,527.5394736842105,94,7.828571428571429,2.892307692307692,,,,16.13454545454545,29.2,,1.8994736842105262,36.61652173913043,,,,,,,,,,
Thu Jun 04 2026,,-43.99750000000001,0.27941176470588236,-2321.875,,,448.7872727272726,94,7.7250000000000005,2.8777777777777778,,,,16.293220338983048,21.46,,1.8694736842105264,36.71549999999999,,,,,,,,,,
Thu Jun 04 2026,,-60.291818181818165,0.2246376811594203,-2395,,,443.0183486238533,94,7.844444444444444,2.8571428571428568,,,,16.032142857142862,21.419999999999998,,1.9725000000000001,36.673181818181824,,,,,,,,,,
Thu Jun 04 2026,,-56.445614035087715,0.8461538461538461,-2392.222222222222,,,429.03706896551705,94,7.75,2.85,,,,16.233333333333334,21.375,,1.9068421052631577,33.3612,,,,,,,,,,
Thu Jun 04 2026,,-63.348181818181814,0.20072992700729927,-2392.222222222222,,,308.3830508474575,94,7.85,2.869230769230769,,,,16.02068965517241,21.53333333333333,,1.9217647058823526,0.980952380952381,,0,,,,,,,,
Thu Jun 04 2026,,-64.99626168224299,0,-2375.4545454545455,,,302.58359375000015,94,7.833333333333333,2.8846153846153846,,,,16.42631578947368,21.45,,1.9157894736842105,0.9536363636363635,,0,,,,,,,,
Thu Jun 04 2026,,-45.821238938053064,1.5777777777777777,-2347.8571428571427,,,293.72110091743116,94,7.688888888888889,2.7818181818181817,,,,15.750909090909088,21.44,,1.8529999999999998,0.9481818181818181,,0,,,,,,,,
Thu Jun 04 2026,,-9.064035087719303,1.247191011235955,-2340.909090909091,,,329.8836734693879,94,7.673333333333333,2.8299999999999996,,,,16.451851851851846,21.52,,1.8515789473684214,0.9873684210526317,,0,,,,,,,,
Thu Jun 04 2026,,8.157391304347831,0.9557522123893806,-1967.7551020408164,,,411.9214285714286,94,7.6800000000000015,2.8454545454545452,,,,16.356363636363636,21.5,,1.8399999999999999,0.9486363636363638,,0,,,,,,,,
Thu Jun 04 2026,,31.522018348623845,0.6573426573426573,-1569.2,,,391.9365384615385,94,7.646153846153846,2.809090909090909,,,,16.485714285714288,21.6,,1.864210526315789,0.9522727272727273,,0,,,,,,,,
Thu Jun 04 2026,,15.116101694915253,29.583333333333332,-947.3913043478261,,,388.12800000000016,94,7.6875,2.833333333333333,,,,15.532142857142858,21.474999999999998,,1.9129999999999998,0.9428571428571428,,0,,,,,,,,
Thu Jun 04 2026,,-47.776576576576566,32.86842105263158,-1316.9811320754718,,,285.2459999999999,94,7.750000000000001,2.8299999999999996,,,,16.168421052631576,21.675000000000004,,1.8595000000000002,0.9526086956521739,,0,,,,,,,,
Thu Jun 04 2026,,-52.887719298245614,3.6542857142857144,-2354.814814814815,,,255.9957983193277,94,7.791666666666668,2.8499999999999996,,,,16.291071428571424,21.339999999999996,,1.8994736842105262,0.9559090909090909,,0,,,,,,,,
Thu Jun 04 2026,,-55.53865546218486,0,-2392.3076923076924,,,296.6827868852459,94,7.585714285714287,2.844444444444444,,,,16.019642857142852,21.35,,1.8555,0.9399999999999998,,0,,,,,,,,
Thu Jun 04 2026,,-50.759090909090894,0,-2388.3333333333335,,,293.0017543859649,94,7.578571428571428,2.833333333333333,,,,16.140677966101695,21.52,,1.8715789473684212,0.9595238095238094,,0,,,,,,,,
Thu Jun 04 2026,,-60.1081081081081,4.105263157894737,-2379.5652173913045,,,290.6711267605635,94,7.619999999999999,2.8499999999999996,,,,15.736363636363638,21.375,,1.9121052631578943,0.958260869565217,,0,,,,,,,,
Thu Jun 04 2026,,-55.928813559322045,1.013157894736842,-2389,,,293.0962616822429,94,7.558333333333334,2.8428571428571425,,,,16.078181818181825,21.360000000000003,,1.8844999999999998,0.9326086956521741,,0,,,,,,,,
Thu Jun 04 2026,,-10.14491525423729,0,-2323.181818181818,,,288.3951807228915,94,7.7,2.854545454545454,,,,15.994545454545456,21.424999999999997,,1.8290000000000002,0.9604545454545454,,0,,,,,,,,
Thu Jun 04 2026,,3.3050847457627075,1.584,-2028.3333333333333,,,358.2803571428572,94,7.684615384615385,2.827272727272727,,,,16.018518518518515,21.36,,1.877777777777778,0.9477272727272728,,0,,,,,,,,
Thu Jun 04 2026,,-11.899999999999997,0,-2295,,,388.76756756756754,94,7.614285714285715,2.8,,,,15.614814814814816,21.340000000000003,,1.8674999999999997,0.9595,,0,,,,,,,,
Thu Jun 04 2026,,-18.658620689655184,0.15,-2258.181818181818,,,385.96611570247916,94,7.640000000000001,2.8299999999999996,,,,15.719999999999999,21.5,,1.8279999999999998,0.9412500000000001,,0,,,,,,,,
Thu Jun 04 2026,,-27.89107142857143,0,-2114.1176470588234,,,391.09019607843146,94,7.716666666666668,2.8538461538461535,,,,15.567241379310348,21.35,,1.8868421052631577,0.9256521739130436,,0,,,,,,,,
Thu Jun 04 2026,,10.603571428571442,928.72,-1582.391304347826,,,-381.67665369649797,94,7.857142857142856,2.844444444444444,,,,16.11578947368421,21.425,,1.934736842105263,11.59142857142857,,612.6158620689655,,,,,,,,
Thu Jun 04 2026,,36.081159420289865,1517.9347826086957,1332.1739130434783,,,1237.3670454545454,94,7.746153846153846,2.8555555555555556,,,,16.999999999999996,21.38333333333333,0,1.9189473684210523,37.1475,0,2.8177777777777737,0,0,0,0,0,0,0,0
Thu Jun 04 2026,,-55.23176470588235,1220.5833333333333,1046.2790697674418,,,1351.9584158415848,93.93991416309012,7.764285714285714,2.854545454545454,,,,16.137931034482758,21.574999999999996,0,1.8815000000000002,36.95199999999999,0,0,0,0,0,0,0,0,0,0
Thu Jun 04 2026,,-64.31844660194176,0.05473965287049399,-1580,,,435.7863636363635,94,7.806666666666667,2.844444444444444,,,,15.754385964912272,21.32,0,1.8939999999999997,36.86666666666666,0,0,0,0,0,0,0,0,0,0
Thu Jun 04 2026,,430.01170212765953,0,-939,,,1220.9978723404254,94,7.711111111111112,2.855555555555555,,,,16.24655172413793,21.625,0,1.8829411764705886,36.77869565217391,0,0,0,0,0,0,0,0,0,0
Thu Jun 04 2026,,1387.0854838709681,0,2400,,,2560.552,95,7.63846153846154,2.8384615384615377,,,,16.042372881355934,21.55,0,1.841,36.74999999999999,0,0,0,0,0,0,0,0,0,0
Thu Jun 04 2026,,822.1069767441859,0,2400,,,2539.4327586206887,94,7.707692307692307,2.9,,,,15.676785714285716,21.3,0,1.8745,36.71947368421053,0,0,0,0,0,0,0,0,0,0
Thu Jun 04 2026,,-51.98727272727272,0,417.05882352941177,,,564.651754385965,94,7.872727272727274,2.8941176470588235,,,,15.988135593220338,21.25,0,1.9535,36.69041666666667,0,0,0,0,0,0,0,0,0,0
Thu Jun 04 2026,,-65.36388888888887,0,-1454.6153846153845,,,564.2487603305786,94,7.845454545454545,2.915384615384615,,,,16.661111111111115,21.3,0,1.9255,36.65260869565217,0,0,0,0,0,0,0,0,0,0
Thu Jun 04 2026,,-56.68,0,-2366.842105263158,,,630.6929824561404,94,78.15294117647056,2.9454545454545453,,,,16.0948275862069,21.325,0,1.9457894736842105,36.65047619047619,0,0,0,0,0,0,0,0,0,0
Thu Jun 04 2026,,-59.786170212765946,-34.904761904761905,-2395,,,593.8685714285714,94,91.12999999999998,2.9545454545454546,,,,16.67592592592592,21.333333333333332,0,1.9578947368421051,36.64904761904762,0,0,0,0,0,0,0,0,0,0
Thu Jun 04 2026,,-3.2182926829268306,-35.07,-2213.6666666666665,,,565.6156249999999,94,82.79565217391304,2.9499999999999997,,,,16.79245283018868,21.240000000000002,0,1.935,36.57449999999999,0,0,0,0,0,0,0,0,0,0
Thu Jun 04 2026,,-13.02090909090909,-35.01984126984127,-2123.5135135135133,,,486.0576086956521,94,11.27692307692308,2.9099999999999997,,,,16.19122807017544,21.375,0,1.9594736842105263,36.633809523809525,0,0,0,0,0,0,0,0,0,0
Thu Jun 04 2026,,-2.7196261682242966,-35,-2167.027027027027,,,487.7386666666666,94,7.8999999999999995,2.86,,,,16.101724137931036,21.4,0,1.8916666666666666,36.623684210526314,0,0,0,0,0,0,0,0,0,0
Thu Jun 04 2026,,-20.404807692307692,-34.96341463414634,-2291.153846153846,,,478.66857142857145,94,7.876923076923077,2.8874999999999997,,,,15.852727272727277,21.375,0,1.8810000000000002,36.60368421052632,0,0,0,0,0,0,0,0,0,0
Thu Jun 04 2026,,18.620952380952378,-34,-2099.8076923076924,,,488.4786666666666,94,7.875000000000001,2.84,,,,16.18448275862069,21.419999999999998,0,1.9068421052631577,36.62761904761905,0,0,0,0,0,0,0,0,0,0
Thu Jun 04 2026,,-16.088541666666668,-34.0015197568389,-2057.7272727272725,,,478.18333333333334,94,7.65,2.8499999999999996,,,,16.37142857142857,21.360000000000003,0,1.8642105263157895,36.631,0,0,0,0,0,0,0,0,0,0
Thu Jun 04 2026,,0.732075471698112,-34,-2214.2105263157896,,,541.3380281690141,94,7.720000000000001,2.8499999999999996,,,,16.26551724137931,21.52,0,1.8710526315789475,28.6004,0,0,0,0,0,0,0,0,0,0
Thu Jun 04 2026,,17.597087378640776,-34,-1986.078431372549,,,584.0705882352942,94,7.622222222222222,2.8363636363636364,,,,16.422413793103445,21.32,0,1.9154999999999998,36.70904761904762,0,0,0,0,0,0,0,0,0,0
Thu Jun 04 2026,,-3.921495327102804,-34,-1741.25,,,566.1301369863015,94,7.633333333333332,2.855555555555555,,,,16.43103448275862,21.42,0,1.8760000000000001,36.6595,0,0,0,0,0,0,0,0,0,0
Thu Jun 04 2026,,3.0637254901960755,-34,-1815.4166666666667,,,584.8300000000002,94,7.650000000000001,2.8499999999999996,,,,15.717857142857145,21.52,0,1.8631578947368421,36.66041666666667,0,0,0,0,0,0,0,0,0,0
Thu Jun 04 2026,,8.53018867924529,-34,-1545.7446808510638,,,457.54225352112695,94,7.6111111111111125,2.82,,,,16.024999999999995,21.45,0,1.8888888888888888,32.45095238095238,0,0,0,0,0,0,0,0,0,0
Thu Jun 04 2026,,-14.13039215686274,-34,-1586.5,,,353.9916666666667,94,7.583333333333333,2.8333333333333335,,,,15.93793103448276,21.4,0,1.8772222222222221,0.9513043478260869,0,0,0,0,0,0,0,0,0,0
Thu Jun 04 2026,,-40.428571428571416,-34.007407407407406,-2085.1612903225805,,,352.0958904109588,94,7.7,2.8428571428571425,,,,16.070175438596486,21.425,0,1.8880000000000003,0.9399999999999998,0,0,0,0,0,0,0,0,0,0
Thu Jun 04 2026,,109.05744680851059,1521.983606557377,1493.9285714285713,,,1382.7054054054054,94,7.616666666666667,2.8083333333333336,,,,16.02678571428571,21.325,0,1.8963157894736842,0.9109999999999998,0,0,0,0,0,0,0,0,0,0
Thu Jun 04 2026,,2.2690476190476194,1769.5353535353536,1771.7073170731708,,,2362.7351851851863,92.49180327868852,7.575,2.775,,,,15.80701754385965,21.55,0,1.8615000000000002,0.9238095238095239,0,0,0,0,0,0,0,0,0,0
Thu Jun 04 2026,,-68.84230769230768,1597.121212121212,1496.904761904762,,,1031.1268817204307,91,7.541666666666667,2.7555555555555555,,,,15.677586206896551,21.240000000000002,0,1.8435,0.9513636363636363,0,0,0,0,0,0,0,0,0,0
Thu Jun 04 2026,,18.44107142857141,423.48,506.078431372549,,,685.276146788991,91.25641025641026,7.550000000000001,2.7923076923076917,,,,16.14237288135593,21.520000000000003,0,1.848888888888889,0.9604761904761906,0,0,0,0,0,0,0,0,0,0
Thu Jun 04 2026,,-17.387719298245614,124.6930693069307,151.9512195121951,,,430.97177914110443,92,7.591666666666668,2.766666666666666,,,,15.650877192982456,21.440000000000005,0,1.8425,0.9395833333333333,0,0,0,0,0,0,0,0,0,0
Thu Jun 04 2026,,-3.023008849557523,-17.454545454545453,-21.93548387096774,,,429.2489795918366,93,7.65,2.8249999999999997,,,,16.061016949152545,21.42,0,1.8752631578947365,0.9509523809523811,0,0,0,0,0,0,0,0,0,0
Thu Jun 04 2026,,-26.14660194174757,-49.97979797979798,-271.1111111111111,,,452.9666666666666,94.00628930817611,7.557142857142857,2.757142857142857,,,,15.9135593220339,21.380000000000003,0,1.8540000000000003,0.9325,0,0,0,0,0,0,0,0,0,0
Thu Jun 04 2026,,-87.5061403508772,17.929460580912863,-2259.74358974359,,,355.13672316384185,95,7.422222222222222,2.766666666666666,,,,16.20689655172414,21.440000000000005,0,1.8405,0.9433333333333336,0,0,0,0,0,0,0,0,0,0
Thu Jun 04 2026,,-26.121551724137937,0,-2281.4285714285716,,,275.40795454545463,94,7.363636363636363,2.7454545454545456,,,,15.95084745762712,21.439999999999998,0,1.842222222222222,0.9481818181818183,0,0,0,0,0,0,0,0,0,0
Thu Jun 04 2026,,-46.91238938053101,0,-2400,,,274.67916666666656,94,7.383333333333334,2.7600000000000002,,,,15.578947368421058,21.42,0,1.823529411764706,0.9469565217391305,0,0,0,0,0,0,0,0,0,0
Thu Jun 04 2026,,-36.21150442477878,0,-2395,,,280.5359550561797,94,7.5588235294117645,2.7916666666666665,,,,15.473684210526311,21.450000000000003,0,1.868421052631579,0.9323809523809523,0,0,0,0,0,0,0,0,0,0
Thu Jun 04 2026,,-34.65478260869565,0,-2400,,,276.57831325301197,94,7.676923076923076,2.8,,,,16.091525423728815,21.325000000000003,0,1.859,0.9713043478260868,0,0,0,0,0,0,0,0,0,0
Thu Jun 04 2026,,-11.214035087719298,0,-2385.5555555555557,,,282.75842696629206,94,7.640000000000001,2.775,,,,16.09821428571428,21.474999999999998,0,1.8649999999999998,0.9465,0,0,0,0,0,0,0,0,0,0
Thu Jun 04 2026,,7.825892857142855,0,-2212.777777777778,,,291.4653333333334,94,7.577777777777778,2.7600000000000002,,,,15.964406779661022,21.4,0,1.815,0.9580952380952381,0,0,0,0,0,0,0,0,0,0
Thu Jun 04 2026,,37.61171171171169,17.833333333333332,-1549.5744680851064,,,368.6353535353535,94,7.5249999999999995,2.8,,,,15.819642857142858,21.3,0,1.8163157894736845,0.9681818181818183,0,0,0,0,0,0,0,0,0,0
Thu Jun 04 2026,,-5.479646017699115,23.408163265306122,-1115,,,366.16666666666674,94,7.515384615384615,2.7666666666666666,,,,15.509259259259261,21.475,0,1.8315789473684212,0.9466666666666667,0,0,0,0,0,0,0,0,0,0
Thu Jun 04 2026,,-18.13275862068965,23.54901960784314,-1574.090909090909,,,357.41749999999996,94,7.516666666666666,2.7636363636363637,,,,15.954385964912282,21.339999999999996,0,1.8088235294117647,0.9452173913043479,0,0,0,0,0,0,0,0,0,0
Thu Jun 04 2026,,-33.04833333333333,23.942446043165468,-2052.285714285714,,,281.3673684210527,94,7.571428571428571,2.75,,,,15.933928571428572,21.475,0,1.8120000000000005,0.9436363636363635,0,0,0,0,0,0,0,0,0,0
Thu Jun 04 2026,,-44.956250000000026,0.2555066079295154,-2388.75,,,271.5601769911504,94,7.539999999999999,2.7625,,,,16.455357142857142,21.46,0,1.8247368421052632,0.9624999999999998,0,0,0,0,0,0,0,0,0,0
Thu Jun 04 2026,,-47.96842105263159,0,-2393.076923076923,,,293.8490740740741,94,7.593750000000001,2.7769230769230764,,,,16.168421052631576,21.525,0,1.834,0.961818181818182,0,0,0,0,0,0,0,0,0,0
Thu Jun 04 2026,,-53.93043478260868,0,-2393.529411764706,,,288.5008474576272,94,7.75,2.8285714285714283,,,,15.994642857142859,21.34,0,1.8611111111111116,0.9642105263157893,0,0,0,0,0,0,0,0,0,0
Thu Jun 04 2026,,-50.36880733944953,0,-2392.222222222222,,,294.5168224299066,94,7.675000000000001,2.8428571428571425,,,,16.194827586206895,21.5,0,1.873,0.9661904761904762,0,0,0,0,0,0,0,0,0,0
Thu Jun 04 2026,,12.477981651376144,54.75,-1781.25,,,436.52365591397864,94,7.55,2.766666666666667,,,,16.347457627118647,21.575000000000003,0,1.8439999999999999,0.96,0,696.1615384615386,0,0,0,0,0,0,0,0
Thu Jun 04 2026,,37.760784313725516,911.0980392156863,951.6981132075472,,,873.5066390041491,93,7.473684210526316,2.8,,,,17.17758620689656,21.52,0,1.8645,34.18545454545454,0,648.7242424242426,0,0,0,0,0,0,0,0
Thu Jun 04 2026,,2.0699999999999994,269.94736842105266,273.7931034482759,,,465.98627450980376,93,32.7,2.7444444444444445,,,,17.173684210526314,21.55,0,1.8673684210526318,36.936499999999995,0,2.6446601941747536,0,0,0,0,0,0,0,0
Thu Jun 04 2026,,2.58411214953271,388.71,390.27777777777777,,,549.7075235109718,93,93.78095238095237,2.7875,,,,16.02678571428571,21.45,0,1.843,36.913636363636364,0,2.626041666666663,0,0,0,0,0,0,0,0
Thu Jun 04 2026,,-0.006249999999999692,341.35051546391753,344.61538461538464,,,535.9327731092436,93,84.18461538461537,2.8214285714285716,,,,16.527118644067798,21.32,0,1.844736842105263,36.81521739130434,0,2.614772727272724,0,0,0,0,0,0,0,0
Thu Jun 04 2026,,-0.3967741935483874,331.56,330,,,506.17922535211255,92,58.7142857142857,2.7636363636363637,,,,17.598305084745764,21.42,0,1.8249999999999997,36.77260869565218,0,2.655696202531643,0,0,0,0,3.2,3.05,3.05,3.15
Thu Jun 04 2026,,3.378504672897199,340.58,345.64102564102564,,,511.00763636363615,92,7.6499999999999995,2.75,,,,16.162068965517236,21.46,0,1.842,36.721666666666664,0,0,0,0,0,0,0,0,0,0
Thu Jun 04 2026,,1.0698630136986296,356.35,361.2121212121212,,,546.9105263157899,92,7.533333333333332,2.75,,,,17.186666666666667,21.38,0,1.8605,36.71727272727273,0,0,0,0,0,0,0,0,0,0
Thu Jun 04 2026,,3.2112359550561793,414.3168316831683,421.3157894736842,,,564.2377104377108,91,7.516666666666666,2.7666666666666666,,,,16.33833333333333,21.525,0,1.848888888888889,36.70476190476191,0,0,0,0,0,0,0,0,0,0
Thu Jun 04 2026,,0.465555555555555,448.6530612244898,450.27027027027026,,,571.2675496688736,91,7.5,2.7615384615384615,,,,16.655172413793096,21.25,0,1.8585,36.660476190476196,0,0,0,0,0,0,0,0,0,0
Thu Jun 04 2026,,-2.1300970873786405,383.8514851485148,388.97435897435895,,,536.530897009967,90,7.589999999999999,2.772727272727273,,,,16.30178571428571,21.549999999999997,0,1.844736842105263,36.64714285714287,0,0,0,0,0,0,0,0,0,0
Thu Jun 04 2026,,-0.4980198019801979,334.75757575757575,337.94117647058823,,,453.0320000000004,90,7.55,2.7874999999999996,,,,16.280701754385966,0,0,1.8350000000000002,36.65047619047619,0,0,0,0,0,0,0,0,0,0
Thu Jun 04 2026,,-3.560194174757282,268.9,271.1111111111111,,,424.3377862595421,89,7.536363636363635,2.75,,,,16.12982456140351,0,0,1.852222222222222,36.64863636363635,0,0,0,0,0,0,0,0,0,0
Thu Jun 04 2026,,-3.0568965517241375,133.81,133.79310344827587,,,401.17169811320736,89,7.575,2.808333333333333,,,,16.34385964912281,0,0,1.8319999999999996,36.615714285714276,0,0,0,0,0,0,0,0,0,0
Thu Jun 04 2026,,0.7267857142857144,106.05,109.64285714285714,,,435.02277227722755,90,7.618181818181818,2.808333333333333,,,,15.831034482758618,0,0,1.8544999999999998,36.61578947368421,0,0,0,0,0,0,0,0,0,0
Thu Jun 04 2026,,9.268085106382976,335.57575757575756,337.82608695652175,,,567.4776699029123,89,7.572727272727272,2.784615384615385,,,,16.314035087719294,0,0,1.8226315789473686,36.653636363636366,0,0,0,0,0,0,0,0,0,0
Thu Jun 04 2026,,-6.999038461538462,303.07070707070704,300.27777777777777,,,521.6288990825688,89,7.650000000000001,2.8214285714285707,,,,15.92203389830509,0,0,1.891,36.62428571428572,0,0,0,0,0,0,0,0,0,0
Thu Jun 04 2026,,-1.84141414141414,234.78,232.33333333333334,,,476.9819819819821,89,7.68,2.8499999999999996,,,,16.11785714285714,0,0,1.8715789473684212,31.278181818181814,0,0,0,0,0,0,0,0,0,0
Thu Jun 04 2026,,1.198347107438017,155.92,158.61111111111111,,,418.33333333333303,89,7.642857142857143,2.7999999999999994,,,,16.303508771929824,0,0,1.8389999999999997,1.0069565217391305,0,0,0,0,0,0,0,0,0,0
Thu Jun 04 2026,,3.1863636363636365,258.55,270.22727272727275,,,542.1093749999999,89,7.616666666666666,2.811111111111111,,,,16.35614035087719,0,0,1.8889473684210527,0.9322727272727274,0,0,0,0,0,0,0,0,0,0
Thu Jun 04 2026,,-1.7113207547169804,231.74,221.93548387096774,,,467.32191011235983,89,7.661538461538461,2.8285714285714283,,,,15.841071428571436,0,0,1.8539999999999999,0.9368421052631577,0,0,0,0,0,0,0,0,0,0
Thu Jun 04 2026,,5.241666666666662,243.53,260.29411764705884,,,451.7411016949155,89,7.7250000000000005,2.8636363636363633,,,,16.1406779661017,0,0,1.8995000000000002,13.647391304347826,0,0,0,0,0,0,0,0,0,0
Thu Jun 04 2026,,-0.750537634408603,330.35353535353534,330.3448275862069,,,544.1941176470591,89,7.741666666666666,2.835714285714285,,,,16.489090909090905,0,0,1.895,36.933749999999996,0,0,0,0,0,0,0,0,0,0
Thu Jun 04 2026,,0.12421052631578952,309,308.06451612903226,,,518.6005154639172,88,7.6923076923076925,2.84,,,,15.908771929824564,0,0,1.874210526315789,36.867727272727286,0,0,0,0,0,0,0,0,0,0
Thu Jun 04 2026,,-2.4198275862068943,216.74489795918367,219.67741935483872,,,402.2609756097562,88,7.63076923076923,2.855555555555555,,,,16.198214285714283,0,0,1.8785,36.75260869565218,0,0,0,0,0,0,0,0,0,0
Thu Jun 04 2026,,-7.25963302752294,633.6262626262626,716.7391304347826,,,761.7723404255318,87,7.63,2.842857142857142,,,,15.952727272727277,0,0,1.9065,36.742727272727265,0,655.7836065573773,0,0,0,0,0,0,0,0
Thu Jun 04 2026,,-4.637113402061854,245.50485436893203,249.375,,,434.0721030042919,87,7.616666666666667,2.844444444444444,,,,15.957627118644071,0,0,1.8955000000000002,36.69375,0,535.213888888889,0,0,0,0,0,0,0,0
Thu Jun 04 2026,,7.306521739130438,326.14,335.7142857142857,,,509.903797468354,87,7.7727272727272725,2.8499999999999996,,,,16.124137931034483,0,0,1.9205263157894734,36.67119999999999,0,0,0,0,0,0,0,0,0,0
Thu Jun 04 2026,,1.3489583333333341,356.7395833333333,358.57142857142856,,,504.6327272727273,87,7.787499999999999,2.854545454545454,,,,16.10727272727273,0,0,1.9149999999999998,36.663333333333334,0,0,0,0,0,0,0,0,0,0
Thu Jun 04 2026,,-0.19529411764705867,352.98,354.61538461538464,,,510.2039999999998,86,7.789999999999999,2.8,,,,16.280701754385962,0,0,1.8960000000000001,36.661578947368426,0,0,0,0,0,0,0,0,0,0
Thu Jun 04 2026,,-1.8969387755102036,347.07142857142856,350.25,,,490.0562043795619,86,7.609999999999999,2.77,,,,16.02807017543859,0,0,1.8463157894736841,36.583043478260876,0,0,0,0,0,0,0,0,0,0
Thu Jun 04 2026,,3.446902654867256,301.73737373737373,301.93548387096774,,,426.408843537415,85,7.51,2.7714285714285714,,,,15.67931034482759,0,0,1.8235000000000003,36.53916666666667,0,0,0,0,0,0,0,0,0,0
Thu Jun 04 2026,,-0.6399999999999998,284.99,287.56756756756755,,,421.9974169741698,85,7.533333333333333,2.7555555555555555,,,,15.778947368421054,0,0,1.8379999999999999,36.595454545454544,0,0,0,0,0,0,0,0,0,0
Thu Jun 04 2026,,-1.1777777777777774,271.14285714285717,277.14285714285717,,,410.4754512635379,85,7.445454545454546,2.75,,,,16.00166666666666,0,0,1.8694736842105264,36.570869565217386,0,0,0,0,0,0,0,0,0,0
Thu Jun 04 2026,,0.9834951456310681,263,264.5945945945946,,,403.47854671280305,84,7.566666666666666,2.7846153846153845,,,,16.310714285714287,0,0,1.8459999999999994,36.67409090909091,0,0,0,0,0,0,0,0,0,0
Thu Jun 04 2026,,1.2830769230769234,298.2156862745098,298.69565217391306,,,401.6399999999999,84,7.5,2.75,,,,15.691379310344834,0,0,1.8080000000000003,36.691818181818185,0,0,0,0,0,0,0,0,0,0
Thu Jun 04 2026,,2.361403508771929,344.29896907216494,349.1666666666667,,,407.3270358306194,83,7.528571428571429,2.75,,,,15.533898305084747,0,0,1.8315000000000006,36.71181818181818,0,0,0,0,0,0,0,0,0,0
Thu Jun 04 2026,,11.229629629629628,448.37,487.14285714285717,,,505.3368253968253,83,7.6000000000000005,2.8,,,,16.416949152542372,0,0,1.8384210526315794,36.67818181818182,0,0,0,0,0,0,0,0,0,0
Thu Jun 04 2026,,0.9854166666666662,476.25,477.4074074074074,,,510.10033112582767,82,7.633333333333333,2.79,,,,16.267272727272722,0,0,1.8555555555555554,36.68954545454545,0,0,0,0,0,0,0,0,0,0
Thu Jun 04 2026,,0.9913043478260873,481.9,483.6842105263158,,,500.2353741496598,81,7.636363636363637,2.783333333333333,,,,15.707407407407409,0,0,1.8555,36.675652173913036,0,0,0,0,0,0,0,0,0,0
Thu Jun 04 2026,,-4.479629629629629,459.32,456.8965517241379,,,476.0240259740258,80,7.381818181818182,2.783333333333333,,,,15.568965517241383,0,0,1.8445000000000005,36.65238095238096,0,0,0,0,0,0,0,0,0,0
Thu Jun 04 2026,,-0.34285714285714297,360.95327102803736,363.1034482758621,,,395.5842948717949,80,7.360000000000001,2.75,,,,15.909090909090912,0,0,1.8139999999999996,36.69521739130435,0,0,0,0,0,0,0,0,0,0
Thu Jun 04 2026,,8.3,423.64516129032256,420.74074074074076,,,450.7358974358971,79,55.35625,2.7444444444444445,,,,15.598245614035088,0,0,1.799375,36.693,0,0,15.877142857142857,15.877142857142857,15.877142857142857,0,0,0,0,0
Thu Jun 04 2026,,-5.143661971830986,454.97,455.38461538461536,,,480.32626582278493,78,91.85714285714285,2.757142857142857,,,,15.700000000000003,0,0,1.8194117647058823,22.516086956521736,0,0,16.710000000000004,16.710000000000004,16.710000000000004,0,0,0,0,0
Thu Jun 04 2026,,0.7387096774193542,379.72,384.1666666666667,,,400.93974358974384,77,81.27199999999999,2.75,,,,15.569642857142862,0,0,1.8079999999999998,0.937391304347826,0,0,16.711546391752545,16.711546391752545,16.711546391752545,0,0,0,0,0
Thu Jun 04 2026,,-1.6103896103896105,344.88,341.61290322580646,,,368.30470219435773,77,46.474999999999994,2.7444444444444445,,,,16.04576271186441,0,0,1.8059999999999998,0.9631818181818183,0,0,16.70999999999996,16.70999999999996,16.70999999999996,0,0,0,0,0
Thu Jun 04 2026,,13.332857142857144,419.26732673267327,440.5882352941176,,,447.3679012345679,76,7.55,2.77,,,,16.048275862068962,0,0,1.8178947368421057,24.597826086956523,0,0,16.709999999999976,16.709999999999976,16.709999999999976,0,0,0,0,0
Thu Jun 04 2026,,0.735,539.6542056074767,541.2121212121212,,,559.1444067796614,75,7.57,2.76,,,,15.67272727272727,0,0,1.8594736842105266,36.77818181818182,0,0,16.709999999999972,16.709999999999972,16.709999999999972,0,0,0,0,0
Thu Jun 04 2026,,0.21489361702127663,529.8152173913044,531.6666666666666,,,544.6416949152544,74,7.554545454545454,2.8,,,,15.841071428571428,0,0,1.8247368421052632,36.74227272727273,0,0,15.706666666666672,15.706666666666672,15.706666666666672,0,0,0,0,0
Thu Jun 04 2026,,0.9599999999999999,571.96,575.3125,,,582.8840336134455,73,7.575,2.8,,,,15.698214285714288,0,0,1.8657894736842107,36.695263157894736,0,0,16.709999999999997,16.709999999999997,16.709999999999997,0,0,0,0,0
Thu Jun 04 2026,,-4.60441176470588,490.5353535353535,492.1212121212121,,,492.1891304347826,72,7.5,2.7444444444444445,,,,15.701754385964911,0,0,1.8084999999999998,36.693,0,0,16.70999999999996,16.70999999999996,16.70999999999996,0,0,0,0,0
Thu Jun 04 2026,,-0.871428571428571,479.88,481.8181818181818,,,491.23125000000005,72,7.522222222222222,2.75,,,,15.612962962962957,0,0,1.8255000000000003,36.58347826086956,0,0,16.497692307692287,16.497692307692287,16.497692307692287,0,0,0,0,0
Thu Jun 04 2026,,-0.8351851851851859,417.23,419.375,,,435.26216216216216,71,7.35,2.7636363636363637,,,,15.556896551724135,0,0,1.8094736842105268,36.5115,0,0,0,0,0,0,0,0,0,0
Thu Jun 04 2026,,2.0568965517241375,419.32,421.5,,,433.74166666666673,70,7.44,2.76,,,,15.791525423728821,0,0,1.8363157894736843,36.60409090909091,0,0,0,0,0,0,0,0,0,0
Thu Jun 04 2026,,-0.4645161290322581,419.0098039215686,421.5,,,436.94000000000005,69,7.5,2.76,,,,15.209433962264146,0,0,1.8054999999999999,36.62727272727272,0,0,0,0,0,0,0,0,0,0
Thu Jun 04 2026,,-0.5921568627450979,420.7959183673469,424,,,436.02058823529416,69,7.518181818181817,2.772727272727273,,,,15.638596491228066,0,0,1.8255000000000003,36.5795,0,0,0,0,0,0,0,0,0,0
Thu Jun 04 2026,,12.282758620689659,551.26,539.0625,,,576.3631578947368,68,7.555555555555555,2.7769230769230764,,,,15.55,0,0,1.8410526315789473,36.591904761904765,0,0,0,0,0,0,0,0,0,0
Thu Jun 04 2026,,-0.43500000000000005,600.08,606.2962962962963,,,616.5757575757575,67,7.540000000000001,2.75,,,,15.457142857142857,0,0,1.8125,36.57826086956522,0,0,0,0,0,0,0,0,0,0
Thu Jun 04 2026,,0.06756756756756767,581.17,583.75,,,585.967857142857,66,7.455555555555555,2.7416666666666667,,,,15.61896551724138,0,0,1.814736842105263,36.59227272727273,0,0,0,0,0,0,0,0,0,0
Thu Jun 04 2026,,-10.262962962962964,514.5769230769231,496.4,,,502.05499999999995,65,7.481818181818183,2.75,,,,15.840384615384615,0,0,1.8273684210526315,34.63,0,0,0,0,0,0,0,0,0,0
Thu Jun 04 2026,,0.00882352941176463,382.34375,384.44444444444446,,,401.1692307692308,64,7.455555555555555,2.757142857142857,,,,15.714999999999998,0,0,1.8145000000000002,0,0,0,0,0,0,0,0,0,0,0
Thu Jun 04 2026,,2.9757575757575765,385.06666666666666,387.037037037037,,,403.9744680851063,63,7.463636363636365,2.75,,,,15.683928571428563,0,0,1.81,0,0,0,0,0,0,0,0,0,0,0
Thu Jun 04 2026,,-0.3303571428571428,385.0105263157895,389.54545454545456,,,401.4857142857142,63,7.466666666666668,2.7545454545454544,,,,15.618965517241387,0,0,1.83421052631579,0,0,0,0,0,0,0,0,0,0,0
Thu Jun 04 2026,,-5.4224137931034475,364.2828282828283,360,,,367.9534883720929,62,7.628571428571429,2.764285714285714,,,,15.970175438596492,0,0,1.840526315789474,0,0,0,0,0,0,0,0,0,0,0
Thu Jun 04 2026,,0.35000000000000003,290.65,292.3529411764706,,,311.615625,61,7.592307692307693,2.808333333333333,,,,15.876363636363639,0,0,1.8368421052631574,0,0,0,0,0,0,0,0,0,0,0
Thu Jun 04 2026,,1.9692307692307696,292.92,293.125,,,311.46315789473687,61,7.2,2.7083333333333335,,,,15.482142857142858,0,0,1.8194444444444449,0,0,0,0,0,0,0,3.2,3.05,3.05,3.15
Thu Jun 04 2026,,15.411538461538461,444.04,459.0243902439024,,,474.39090909090913,60,7.211111111111112,2.7000000000000006,,,,15.680357142857142,0,0,1.7745000000000002,0,0,0,0,0,0,0,0,0,0,0
Thu Jun 04 2026,,2.044,490.97,490.3333333333333,,,504.77837837837825,59,7.233333333333333,2.725,,,,16.282692307692308,0,0,1.807,0,0,0,0,0,0,0,0,0,0,0
Thu Jun 04 2026,,3.0133333333333345,483.7227722772277,484.61538461538464,,,495.0914285714287,58,7.650000000000001,2.775,,,,15.5,0,0,1.845,0,0,0,0,0,0,0,0,0,0,0
Thu Jun 04 2026,,-6.2375,437.5858585858586,449,,,431.7219512195122,57,7.666666666666667,2.783333333333333,,,,15.174999999999999,0,0,1.8440000000000005,0,0,0,0,0,0,0,0,0,0,0
Thu Jun 04 2026,,3.0050000000000003,407.86,408,,,426.0727272727272,57,7.636363636363637,2.8,,,,15.342592592592595,0,0,1.8410526315789473,35.919285714285714,0,0,0,0,0,0,0,0,0,0
Thu Jun 04 2026,,2.4360655737704913,429.05,430.6060606060606,,,446.52619047619055,56,7.628571428571428,2.75,,,,15.585185185185184,0,0,1.8535000000000004,37.08869565217391,0,0,0,0,0,0,0,0,0,0
Thu Jun 04 2026,,2.733898305084746,427.4,429.72972972972974,,,441.48648648648646,55,7.6000000000000005,2.766666666666666,,,,16.028813559322035,0,0,1.8535000000000004,36.96095238095239,0,0,0,0,0,0,0,0,0,0
Thu Jun 04 2026,,-0.11746031746031767,428.95,435.4166666666667,,,446.6341463414635,54,7.56,2.757142857142857,,,,15.678947368421051,0,0,1.855263157894737,36.80047619047619,0,0,0,0,0,0,0,0,0,0
Thu Jun 04 2026,,1.461290322580645,424.09,427.6666666666667,,,444.4975609756098,54,7.577777777777778,2.75,,,,15.371929824561409,0,0,1.8424999999999998,36.81095238095239,0,0,0,0,0,0,0,0,0,0
Thu Jun 04 2026,,4.3140625,418.69,420.27027027027026,,,446.19555555555564,53,7.575000000000001,2.8374999999999995,,,,15.348214285714288,0,0,1.8510000000000004,34.76444444444445,0,0,0,0,0,0,0,0,0,0
Thu Jun 04 2026,,-0.19642857142856937,414.01075268817203,473.1034482758621,,,487.42553191489367,52.20540540540541,7.63,2.8000000000000003,,,,16.622641509433958,0,0,1.8784210526315792,0,1.89,0,12.672857142857142,12.672857142857142,12.672857142857142,0,0,0,0,0
Thu Jun 04 2026,,-1.2829268292682932,347.03,347.6470588235294,,,368.4344827586206,52,7.688888888888889,2.8166666666666664,,,,15.792156862745097,0,0,1.8526315789473686,0,1.445,0,16.412380952380953,16.412380952380953,16.412380952380953,0,0,0,0,0
Thu Jun 04 2026,,-1.946153846153846,336.1111111111111,328.84615384615387,,,347.7820512820512,51,7.741666666666667,2.844444444444444,,,,15.691228070175447,0,0,1.8931578947368424,0,0,0,14.853333333333333,14.853333333333333,14.853333333333333,0,0,0,0,0
Thu Jun 04 2026,,-4.179411764705882,212.2,211.07142857142858,,,224.37321428571428,51,7.85,2.844444444444444,,,,15.314285714285715,0,0,1.9126315789473682,0,3.5599999999999996,0,0,0,0,0,0,0,0,0
Thu Jun 04 2026,,-0.2555555555555557,190.59,190.3846153846154,,,210.31746031746027,50,7.818181818181818,2.854545454545454,,,,15.322222222222225,0,0,1.8889473684210527,0,2.0919999999999996,0,0,0,0,0,0,0,0,0
Thu Jun 04 2026,,1.0014084507042254,198.42156862745097,199.16666666666666,,,218.9282608695652,50,7.466666666666667,2.7700000000000005,,,,15.661818181818182,0,0,1.8310000000000002,0,0,0,0,0,0,0,0,0,0,0
Thu Jun 04 2026,,-0.5363636363636363,200.53465346534654,205,,,217.4739130434782,49,7.333333333333333,2.78,,,,15.70862068965517,0,0,1.8605,0,0,0,0,0,0,0,0,0,0,0
Thu Jun 04 2026,,0.013846153846153862,201.62135922330097,205,,,221.05102040816334,49,7.318181818181818,2.7545454545454544,,,,15.137037037037036,0,0,1.799411764705882,0,0,0,0,0,0,0,0,0,0,0
Thu Jun 04 2026,,4.348101265822783,258.7291666666667,268.2608695652174,,,282.55799999999994,48,73.75625,2.733333333333333,,,,15.33018867924528,0,0,1.8378947368421052,0,0,0,0,0,0,0,0,0,0,0
Thu Jun 04 2026,,0.22133333333333335,278.340206185567,280,,,295.436170212766,48,87.09166666666668,2.7555555555555555,,,,15.214285714285717,0,0,1.8280000000000005,0,0,0,0,0,0,0,0,0,0,0
Fri Jun 05 2026,,-0.34666666666666646,268.0693069306931,269.6551724137931,,,284.5945454545454,47,80.59444444444445,2.75,,,,15.503703703703703,0,0,1.8044444444444447,0,0,0,0,0,0,0,0,0,0,0
Fri Jun 05 2026,,-2.7740259740259745,204.74489795918367,203.75,,,219.10754716981126,47,22.884615384615383,2.746666666666667,,,,16.674509803921573,0,0,1.8115789473684216,0,0,0,0,0,0,0,0,0,0,0
Fri Jun 05 2026,,5.558904109589042,204.63106796116506,214,,,242.60000000000002,47,7.45,2.7555555555555555,,,,15.40363636363636,0,0,1.7934999999999999,0,0,0,0,0,0,0,0,0,0,0
Fri Jun 05 2026,,1.8897959183673465,296.57943925233644,298.6666666666667,,,316.2833333333334,46,7.453333333333333,2.7624999999999997,,,,15.645454545454545,0,0,1.8426315789473684,0,0,0,0,0,0,0,0,0,0,0
Fri Jun 05 2026,,0.9466666666666667,291.3666666666667,292.14285714285717,,,308.8457142857142,46,7.410000000000001,2.757142857142857,,,,15.103636363636365,0,0,1.7842105263157895,0,0,0,0,0,0,0,0,0,0,0
Fri Jun 05 2026,,1.1386363636363637,288.92,290.7142857142857,,,305.6472222222223,45,7.416666666666668,2.75,,,,15.674999999999997,0,0,1.7890000000000001,0,0,0,0,0,0,0,0,0,0,0
Fri Jun 05 2026,,-0.05625000000000006,290.4257425742574,291.6666666666667,,,308.1599999999999,44,7.418181818181819,2.716666666666667,,,,15.48490566037736,0,0,1.801052631578947,0,0,0,0,0,0,0,0,0,0,0
Fri Jun 05 2026,,-5.681250000000002,210.03061224489795,192.10526315789474,,,215.83157894736834,44,7.5,2.7777777777777777,,,,15.514814814814818,0,0,1.8394736842105261,0,0,0,0,0,0,0,0,0,0,0
Fri Jun 05 2026,,0.8118644067796611,187.52136752136752,185.55555555555554,,,207.72093023255817,44,7.65,2.8099999999999996,,,,15.626923076923074,0,0,1.9010526315789473,0,0,0,0,0,0,0,0,0,0,0
Fri Jun 05 2026,,0.5140350877192982,187.6829268292683,185,,,206.62142857142854,43,7.699999999999999,2.8499999999999996,,,,15.53508771929825,0,0,1.9184999999999999,0,0,0,0,0,0,0,0,0,0,0
Fri Jun 05 2026,,1.0943396226415092,187.3490566037736,185,,,207.85813953488372,43,7.669230769230769,2.8416666666666663,,,,15.161403508771931,0,0,1.8765,0,0,0,0,0,0,0,0,0,0,0
Fri Jun 05 2026,,0.6754098360655736,187.89361702127658,189.28571428571428,,,209.31956521739133,43,7.640000000000001,2.8428571428571425,,,,15.423636363636362,0,0,1.862105263157895,0,0,0,0,0,0,0,0,0,0,0
Fri Jun 05 2026,,0.4172413793103449,187.83,187.5,,,207.33953488372086,42,7.642857142857143,2.8374999999999995,,,,15.474545454545453,0,0,1.8568421052631578,0,0,0,0,0,0,0,0,0,0,0
Fri Jun 05 2026,,1.0433333333333334,187.05454545454546,186.11111111111111,,,207.87380952380954,42,7.6000000000000005,2.814285714285714,,,,15.617543859649116,0,0,1.8510000000000002,0,0,0,0,0,0,0,0,0,0,0
Fri Jun 05 2026,,7.987096774193549,227.96703296703296,248.94736842105263,,,265.0204545454545,41,7.65,2.8499999999999996,,,,15.933333333333335,0,0,1.8590000000000004,0,0,0,0,0,0,0,0,0,0,0
Fri Jun 05 2026,,-0.9153846153846154,293.26262626262627,295.45454545454544,,,309.88095238095235,41,7.628571428571428,2.8249999999999997,,,,15.70350877192982,0,0,1.8689999999999998,0,0,0,0,0,0,0,0,0,0,0
Fri Jun 05 2026,,-0.4547619047619048,291.33663366336634,296.25,,,310.82,40,7.650000000000001,2.8000000000000003,,,,15.73214285714286,0,0,1.8559999999999994,0,0,0,0,0,0,0,0,0,0,0
Fri Jun 05 2026,,0.6071428571428571,289.33,292.5,,,307.11,40,7.699999999999999,2.8249999999999997,,,,15.45,0,0,1.886315789473684,0,0,0,0,0,0,0,0,0,0,0
Fri Jun 05 2026,,-6.674999999999999,230.88888888888889,198.1818181818182,,,230.2977272727273,39,7.7250000000000005,2.844444444444444,,,,15.938461538461535,0,0,1.8934999999999995,0,0,0,0,0,0,0,0,0,0,0
Fri Jun 05 2026,,0.48082191780821937,188.59803921568627,190,,,209.12727272727275,39,7.710000000000001,2.8374999999999995,,,,15.690740740740743,0,0,1.8755000000000002,0,0,0,0,0,0,0,0,0,0,0
Fri Jun 05 2026,,0.72,188.14285714285714,188.1818181818182,,,208.2586956521739,38,7.727272727272726,2.8499999999999996,,,,16.099999999999994,0,0,1.885555555555555,0,0,0,0,0,0,0,0,0,0,0
Fri Jun 05 2026,,0.3166666666666669,188.30392156862746,187.77777777777777,,,209.1382978723404,38,7.6000000000000005,2.849999999999999,,,,15.078571428571427,0,0,1.891578947368421,0,0,0,0,0,0,0,0,0,0,0
Fri Jun 05 2026,,0.15333333333333338,188.61111111111111,195,,,208.54651162790697,38,7.644444444444444,2.8428571428571425,,,,15.521052631578947,0,0,1.8984210526315792,0,0,0,0,0,0,0,0,0,0,0
Fri Jun 05 2026,,0.024615384615384622,189.8695652173913,195,,,211.49111111111117,37,7.663636363636363,2.854545454545454,,,,15.765384615384617,0,0,1.8919999999999995,0,0,0,0,0,0,0,0,0,0,0
Fri Jun 05 2026,,-0.31186440677966093,188.1122448979592,190,,,209.5772727272727,37,7.741666666666667,2.8428571428571425,,,,15.568421052631578,0,0,1.9033333333333333,0,0,0,0,0,0,0,0,0,0,0
Fri Jun 05 2026,,4.194999999999999,194.55,212.6315789473684,,,228.7766666666666,37,7.754545454545454,2.8499999999999996,,,,15.49454545454545,0,0,1.8805263157894736,0,0,0,0,0,0,0,0,0,0,0
Fri Jun 05 2026,,2.6306451612903228,301.1,302.5925925925926,,,323.5925000000001,36,7.760000000000001,2.854545454545454,,,,15.222413793103447,0,0,1.9009999999999994,0,0,0,0,0,0,0,0,0,0,0
Fri Jun 05 2026,,0.20212765957446815,290.97058823529414,292.77777777777777,,,308.72222222222234,35,7.754545454545454,2.8454545454545452,,,,15.815094339622638,0,0,1.8668421052631579,0,0,0,0,0,0,0,0,0,0,0
Fri Jun 05 2026,,0.8037735849056604,292.81632653061223,294.1666666666667,,,311.1111111111111,35,7.746666666666667,2.8333333333333326,,,,15.407407407407414,0,0,1.8794444444444447,0,0,0,0,0,0,0,0,0,0,0
Fri Jun 05 2026,,-7.574603174603176,226.8,246.25,,,229.9979591836735,34,7.735714285714286,2.8499999999999996,,,,15.127272727272727,0,0,1.88,0,0,0,0,0,0,0,0,0,0,0
Fri Jun 05 2026,,-0.21587301587301594,188.14,188.46153846153845,,,209.03799999999993,34,7.7,2.815384615384615,,,,15.460714285714284,0,0,1.8645,0,0,0,0,0,0,0,0,0,0,0
Fri Jun 05 2026,,0.7396825396825399,188.81553398058253,192.5,,,208.17777777777778,34,7.69,2.8428571428571425,,,,15.472413793103444,0,0,1.8855555555555559,0,0,0,0,0,0,0,0,0,0,0
Fri Jun 05 2026,,0.27446808510638293,188.22448979591837,188.33333333333334,,,208.04285714285717,33,7.6499999999999995,2.833333333333333,,,,15.491379310344826,0,0,1.8960000000000001,0,0,0,0,0,0,0,0,0,0,0
Fri Jun 05 2026,,-0.13799999999999998,188.10204081632654,190,,,207.61860465116277,33,7.67,2.8000000000000003,,,,15.535185185185183,0,0,1.8157894736842108,0,0,0,0,0,0,0,0,0,0,0
Fri Jun 05 2026,,0.2745454545454546,187.67,186.66666666666666,,,206.67333333333335,33,7.687500000000001,2.833333333333333,,,,15.373214285714287,0,0,1.8731578947368424,0,0,0,0,0,0,0,0,0,0,0
Fri Jun 05 2026,,0.4018181818181818,187.92,187.85714285714286,,,207.75813953488372,32,7.6499999999999995,2.807692307692307,,,,15.499999999999998,0,0,1.8535,0,0,0,0,0,0,0,0,0,0,0
Fri Jun 05 2026,,5.518749999999999,204.80188679245282,225,,,231.29399999999998,32,7.644444444444444,2.827272727272727,,,,15.72,0,0,1.8652631578947363,0,0,0,0,0,0,0,0,0,0,0
Fri Jun 05 2026,,1.1450980392156853,297.27659574468083,298.8235294117647,,,315.0583333333333,31,7.581818181818181,2.8099999999999996,,,,16.128571428571426,0,0,1.833684210526316,0,0,0,0,0,0,0,0,0,0,0
Fri Jun 05 2026,,-0.5788461538461539,290.7227722772277,295,,,310.628125,31,7.555555555555555,2.8357142857142854,,,,15.70754716981132,0,0,1.8968421052631583,0,0,0,0,0,0,0,0,0,0,0
Fri Jun 05 2026,,-0.06451612903225809,292.77777777777777,294.2857142857143,,,314.1842105263157,30,7.5636363636363635,2.846153846153846,,,,16.40508474576271,0,0,1.898421052631579,0,0,0,0,0,0,0,0,0,0,0
Fri Jun 05 2026,,-1.058666666666664,240.56603773584905,255.9090909090909,,,246.1145454545454,30,59.54545454545455,2.8416666666666663,,,,15.72545454545455,0,0,1.8805555555555555,0,0,0,0,0,0,0,0,0,0,0
Fri Jun 05 2026,,0.5121951219512194,282.5531914893617,285.6666666666667,,,300.4423076923077,29,94.92272727272726,2.854545454545454,,,,15.841071428571428,0,0,1.8889999999999998,0,0,0,0,0,0,0,0,0,0,0
Fri Jun 05 2026,,1.1388888888888888,271.3636363636364,272.14285714285717,,,293.53043478260867,29,84.075,2.8333333333333326,,,,15.91379310344827,0,0,1.8864999999999998,0,0,0,0,0,0,0,0,0,0,0
Fri Jun 05 2026,,-4.0649999999999995,236.84,245.71428571428572,,,250.85000000000002,28,53.33529411764705,2.8499999999999996,,,,15.74181818181818,0,0,1.893684210526316,0,0,0,0,0,0,0,0,0,0,0
Fri Jun 05 2026,,0.16206896551724145,188.35643564356437,190,,,208.05121951219513,28,7.833333333333333,2.836363636363636,,,,16.13571428571428,0,0,1.9260000000000002,0,0,0,0,0,0,0,0,0,0,0
Fri Jun 05 2026,,-0.2218181818181818,188.4747474747475,190,,,208.6577777777778,27,7.733333333333334,2.827272727272727,,,,15.932727272727274,0,0,1.886,0,0,0,0,0,0,0,0,0,0,0
Fri Jun 05 2026,,-0.01607142857142855,188.06,187.5,,,206.41538461538462,27,7.733333333333333,2.854545454545454,,,,15.869811320754714,0,0,1.9095000000000002,0,0,0,0,0,0,0,0,0,0,0
Fri Jun 05 2026,,9.140506329113926,221.78,250.3448275862069,,,306.77704918032794,27,7.71111111111111,2.8266666666666667,,,,15.815789473684212,0,0,1.8778947368421053,0,0,0,0,0,0,0,0,0,0,0
Fri Jun 05 2026,,-3.302272727272727,297.2056074766355,303.3333333333333,,,317.3187500000001,26,7.644444444444444,2.8249999999999997,,,,15.8537037037037,0,0,1.8831578947368421,0,0,0,0,0,0,0,0,0,0,0
Fri Jun 05 2026,,1.0204545454545455,288.37894736842105,289.44444444444446,,,309.8264705882353,25,7.653846153846154,2.8333333333333335,,,,15.953703703703706,0,0,1.876842105263158,0,0,0,0,0,0,0,0,0,0,0
Fri Jun 05 2026,,-0.951851851851852,298.14285714285717,298.0952380952381,,,315.33333333333326,25,7.571428571428571,2.77,,,,23.033928571428564,0,0,1.836666666666667,0,0,0,0,0,0,0,0,0,0,0
Fri Jun 05 2026,,-6.247540983606555,235.56,251.33333333333334,,,239.94523809523793,24,7.544444444444445,2.7714285714285714,,,,19.26545454545454,0,0,1.8736842105263163,0,0,0,0,0,0,0,0,0,0,0
Fri Jun 05 2026,,0.36666666666666653,188.92,191,,,210.16428571428574,24,7.590000000000001,2.8,,,,16.389830508474574,0,0,1.8531578947368426,0,0,0,0,0,0,0,0,0,0,0
Fri Jun 05 2026,,1.1365079365079371,187.2095238095238,185,,,206.2740740740741,24,7.5600000000000005,2.766666666666667,,,,15.730357142857136,0,0,1.8465,0,0,0,0,0,0,0,0,0,0,0
Fri Jun 05 2026,,0.21774193548387108,188.53684210526316,188.33333333333334,,,208.0083333333334,23,7.557142857142857,2.77,,,,16.54,0,0,1.8226315789473682,0,0,0,0,0,0,0,0,0,0,0
Fri Jun 05 2026,,1.0626865671641792,188.72727272727272,190,,,211.94400000000002,23,7.572727272727272,2.807692307692307,,,,16.601694915254235,0,0,1.8385000000000005,0,0,0,0,0,0,0,0,0,0,0
Fri Jun 05 2026,,0.3085714285714285,188.69607843137254,190,,,208.6054545454545,23,7.622222222222222,2.8,,,,16.032727272727275,0,0,1.8655000000000002,0,0,0,0,0,0,0,0,0,0,0
Fri Jun 05 2026,,0.7464788732394364,186.46938775510205,185.83333333333334,,,204.15535714285716,22,7.637500000000001,2.8249999999999997,,,,16.23684210526316,0,0,1.8566666666666667,0,0,0,0,0,0,0,0,0,0,0
Fri Jun 05 2026,,-0.6359375,179.55445544554456,184.66666666666666,,,200.0679245283019,22,7.653333333333333,2.811111111111111,,,,15.867272727272725,0,0,1.8630000000000002,0,0,0,0,0,0,0,0,0,0,0
Fri Jun 05 2026,,7.403333333333333,291.52,292.10526315789474,,,317.01627906976756,21,7.633333333333334,2.811111111111111,,,,16.250847457627117,0,0,1.8824999999999996,0,0,0,0,0,0,0,0,0,0,0
Fri Jun 05 2026,,-5.947623346206196e-17,287.81,288.3333333333333,,,306.92413793103447,21,7.577777777777778,2.8166666666666664,,,,15.77777777777778,0,0,1.8347368421052632,0,0,0,0,0,0,0,0,0,0,0
Fri Jun 05 2026,,-4.626666666666667,281.5858585858586,275.86206896551727,,,289.3861702127658,20,7.571428571428571,2.7888888888888888,,,,16.766666666666666,0,0,1.8136842105263158,0,0,0,0,0,0,0,0,0,0,0
Fri Jun 05 2026,,-1.007042253521126,178.21782178217822,178.33333333333334,,,195.69085365853667,20,7.55,2.8,,,,15.983928571428569,0,0,1.8470000000000002,0,0,0,0,0,0,0,0,0,0,0
Fri Jun 05 2026,,-0.0333333333333334,172.8080808080808,175,,,191.66635802469153,19,7.466666666666668,2.811111111111111,,,,16.220689655172414,0,0,1.8542105263157893,0,0,0,0,0,0,0,0,0,0,0
Fri Jun 05 2026,,0.07741935483870971,171.08,175,,,188.01942028985516,19,7.450000000000001,2.7600000000000002,,,,16.005454545454544,0,0,1.8645,0,0,0,0,0,0,0,0,0,0,0
Fri Jun 05 2026,,-0.2489795918367348,167.7843137254902,172.96296296296296,,,189.6267241379311,19,7.458333333333335,2.792857142857143,,,,20.08363636363637,0,0,1.841,0,0,0,0,0,0,0,0,0,0,0
Fri Jun 05 2026,,-0.201,153.23711340206185,154.8148148148148,,,185.44760563380294,18,7.518181818181817,2.783333333333333,,,,17.115789473684206,0,0,1.8772222222222221,0,0,0,0,0,0,0,0,0,0,0
Fri Jun 05 2026,,-0.24811320754717,146.76,147.30769230769232,,,185.66961325966858,18,7.636363636363637,2.75,,,,17.374576271186438,0,0,1.8294444444444444,0,0,0,0,0,0,0,0,0,0,0
Fri Jun 05 2026,,-0.03263157894736837,158.52,160.8,,,185.69521126760577,18,7.625000000000001,2.8,,,,17.408771929824564,0,0,1.8489999999999998,0,0,0,0,0,0,0,0,0,0,0
Fri Jun 05 2026,,3.8531914893617025,206.95098039215685,211.78571428571428,,,235.14344023323622,18,7.615384615384615,2.8499999999999996,,,,17.094999999999995,0,0,1.8263157894736843,0,0,0,0,0,0,0,0,0,0,0
Fri Jun 05 2026,,16.810752688172037,735.530612244898,943.4883720930233,,,804.8041436464091,16.42713567839196,7.723076923076923,2.8125,,,,17.5140350877193,0,0,1.847,0,0,638.2514285714284,0,0,0,0,0,0,0,0
Fri Jun 05 2026,,-38.96410256410257,406.39,457.6470588235294,,,414.884164222874,16,7.654545454545455,2.8,,,,16.609090909090913,0,0,1.8935,0,0,364.29615384615397,0,0,0,0,0,0,0,0
Fri Jun 05 2026,,-0.011842105263157888,286.72549019607845,288.57142857142856,,,323.36848484848514,15,7.6,2.7777777777777777,,,,17,0,0,1.8784210526315785,0,0,0,0,0,0,0,0,0,0,0
Fri Jun 05 2026,,-5.163636363636363,236.48,229.54545454545453,,,271.6160237388724,15,7.55,2.75,,,,16.723214285714285,0,0,1.8100000000000003,0,0,0,0,0,0,0,0,0,0,0
Fri Jun 05 2026,,-0.9254716981132074,170.64285714285714,172,,,220.13911764705895,14,7.481818181818183,2.7444444444444445,,,,17.089285714285715,0,0,1.8305000000000002,0,0,0,0,0,0,0,0,0,0,0
Fri Jun 05 2026,,-15.65961538461538,827.87,877.2340425531914,,,860.3052486187842,13,7.470000000000001,2.753333333333333,,,,16.55178571428571,0,0,1.8276470588235294,33.919999999999995,0,642.4094594594594,0,0,0,0,0,0,0,0
Fri Jun 05 2026,,-0.6417582417582411,392.78,395.27777777777777,,,445.3783018867927,12,7.5125,2.7444444444444445,,,,16.9690909090909,0,0,1.8380000000000003,37.441428571428574,0,2.6499999999999977,0,0,0,0,0,0,0,0
Fri Jun 05 2026,,-0.805952380952381,383.25,386.3333333333333,,,448.3729299363059,12,7.5,2.7833333333333337,,,,16.087719298245613,0,0,1.8426315789473686,37.25478260869566,0,2.6478260869565204,0,0,0,0,0,0,0,0
Fri Jun 05 2026,,-0.6893333333333331,380.3,383.8709677419355,,,445.14754098360646,11,7.545454545454546,2.811111111111111,,,,17.16610169491526,0,0,1.862222222222222,37.103913043478265,0,2.6499999999999977,0,0,0,0,0,0,0,0
Fri Jun 05 2026,,116.92285714285715,239.79245283018867,358.5,,,450.5769736842106,10.974754558204769,7.4799999999999995,2.790909090909091,,,,16.54716981132075,0,0,1.8894736842105262,37.0404761904762,0,2.7086206896551692,0,0,0,0,0,0,0,0
Fri Jun 05 2026,,401.40769230769223,-33.686868686868685,0,,,501.179238754325,11,45.470588235294116,2.8499999999999996,,,,16.575471698113205,0,0,1.840526315789474,36.92277777777778,0,0,0,0,0,0,0,0,0,0
Fri Jun 05 2026,,471.76615384615394,-33.61052631578947,0,,,568.6026755852844,11,93.03,2.8099999999999996,,,,16.31071428571428,0,0,1.8544444444444441,36.97272727272727,0,0,0,0,0,0,0,0,0,0
Fri Jun 05 2026,,417.18720930232547,-33.37,0,,,521.1395189003437,11,83.64,2.8285714285714283,,,,16.441071428571426,0,0,1.8359999999999999,18.831599999999995,0,0,0,0,0,0,0,0,0,0
Fri Jun 05 2026,,641.92,-33.89756097560976,0,,,782.6572992700734,11,57.773333333333326,2.8571428571428568,,,,16.325000000000003,0,0,1.8457894736842106,0.9523809523809522,0,0,0,0,0,0,0,0,0,0
Fri Jun 05 2026,,993.8711111111111,-34,0,,,1137.770355731226,11,7.677777777777777,2.8166666666666664,,,,16.270370370370365,0,0,1.8273684210526315,0.9568181818181819,0,0,0,0,0,0,0,0,0,0
Fri Jun 05 2026,,797.8921568627454,-33.65625,0,,,915.7697211155379,11,7.508333333333333,2.8166666666666664,,,,16.241379310344826,0,0,1.8641176470588239,14.227272727272727,0,0,0,0,0,0,0,0,0,0
Fri Jun 05 2026,,731.9903846153845,-1.4387755102040816,1370,,,981.0777292576419,11.00096,7.527272727272727,2.8,,,,16.67368421052631,0,0,1.8589473684210527,37.089545454545465,0,0,0,0,0,0,0,0,0,0
Fri Jun 05 2026,,663.6701149425285,110.23655913978494,2400,,,930.4463667820071,11,7.6625,2.8571428571428568,,,,16.745454545454542,0,0,1.8458823529411768,37.006,0,0,0,0,0,0,0,0,0,0
Fri Jun 05 2026,,595.6487500000001,103.77777777777777,2400,,,849.2916967509029,11,7.68,2.8099999999999996,,,,16.676363636363636,0,0,1.8984210526315786,36.88181818181818,0,0,0,0,0,0,0,0,0,0
Fri Jun 05 2026,,596.6204301075269,103.62765957446808,2400,,,852.822972972973,11,7.650000000000001,2.8499999999999996,,,,16.70175438596491,0,0,1.896315789473684,36.8509090909091,0,0,0,0,0,0,0,0,0,0
Fri Jun 05 2026,,572.6297872340425,114.91,2400,,,854.731985294118,11,7.584615384615384,2.808333333333333,,,,16.17894736842106,0,0,1.8438888888888891,36.84136363636364,0,0,0,0,0,0,0,0,0,0
Fri Jun 05 2026,,448.5346153846153,171.71,2400,,,846.7027559055116,11,7.63,2.844444444444444,,,,17.081132075471697,0,0,1.8894117647058821,36.798181818181824,0,0,0,0,0,0,0,0,0,0
Fri Jun 05 2026,,336.6764150943396,230.42,2400,,,847.9492957746476,11,7.716666666666668,2.854545454545454,,,,17.01272727272727,0,0,1.8811111111111112,36.76909090909092,0,0,0,0,0,0,0,0,0,0
Fri Jun 05 2026,,243.3828282828284,264.62626262626264,2400,,,816.6932584269664,11,7.688888888888889,2.836363636363636,,,,17.48070175438597,0,0,1.8915,36.76611111111111,0,0,0,0,0,0,0,0,0,0
Fri Jun 05 2026,,130.04408602150534,308.27,2400,,,792.9792207792211,11,7.684615384615385,2.8571428571428568,,,,16.525,0,0,1.8505555555555553,36.788695652173914,0,0,0,0,0,0,0,0,0,0
Fri Jun 05 2026,,146.69843749999993,301.36,2400,,,806.8784313725491,11,7.738461538461538,2.844444444444444,,,,17.033962264150944,0,0,1.8899999999999997,36.73636363636364,0,0,0,0,0,0,0,0,0,0
Fri Jun 05 2026,,181.89090909090905,288.47,2400,,,811.5045454545456,11,7.675000000000001,2.84,,,,15.843396226415095,0,0,1.857368421052632,36.75681818181819,0,0,0,0,0,0,0,0,0,0
Fri Jun 05 2026,,222.6285714285714,263.86,2400,,,803.5043478260869,11,7.7,2.8499999999999996,,,,16.887037037037036,0,0,1.8564999999999998,36.72272727272727,0,0,0,0,0,0,0,0,0,0
Fri Jun 05 2026,,206.06833333333327,268.31,2400,,,790.9836734693879,11,7.75,2.8299999999999996,,,,16.416363636363634,0,0,1.8944999999999996,36.721304347826084,0,0,0,0,0,0,0,0,0,0
Fri Jun 05 2026,,-38.31714285714285,287.2604166666667,1491.2280701754387,,,582.1326086956523,11,7.75,2.8299999999999996,,,,16.075,0,0,1.8942105263157891,4.706956521739131,0,0,0,0,0,0,0,0,0,0
Fri Jun 05 2026,,-18.064999999999994,238.22222222222223,359.0625,,,568.4568181818182,11,7.720000000000001,2.833333333333333,,,,16.08928571428571,0,0,1.89,0.9590909090909091,0,0,0,0,0,0,0,0,0,0
Fri Jun 05 2026,,1.9837209302325587,240.08,242.42424242424244,,,569.8915254237289,11,7.6,2.836363636363636,,,,16.078947368421055,0,0,1.8773684210526316,0.9530000000000001,0,0,0,0,0,0,0,0,0,0
Fri Jun 05 2026,,94.15051546391751,265.2121212121212,1257.5,,,673.0175000000002,11,7.5,2.8099999999999996,,,,16.836206896551722,0,0,1.8555000000000004,30.762727272727272,0,0,0,0,0,0,0,0,0,0
Fri Jun 05 2026,,95.05833333333331,272.44,2400,,,690.6799999999998,11,7.5375000000000005,2.8499999999999996,,,,16.9758064516129,0,0,1.8494999999999997,36.99999999999999,0,0,0,0,0,0,0,0,0,0
Fri Jun 05 2026,,363.84624999999994,312.18,2345,,,1022.4622950819669,11,7.65,2.8454545454545452,,,,16.648148148148145,0,0,1.8636842105263156,36.93619047619048,0,555.1834437086093,0,0,0,0,0,0,0,0
Fri Jun 05 2026,,-47.62253521126761,334.66,1594.2372881355932,,,671.5346938775511,11,7.7555555555555555,2.8375,,,,16.56,0,0,1.8484210526315787,32.28125,0,2.55,0,0,0,0,0,0,0,0
Fri Jun 05 2026,,2.8351063829787235,323.98039215686276,582.1818181818181,,,722.0120000000001,11,7.75,2.822222222222222,,,,16.740677966101696,0,0,1.8626315789473684,0,0,0,0,0,0,0,0,0,0,0
Fri Jun 05 2026,,-14.631081081081081,352.35714285714283,562.5,,,769.6607843137255,11,7.7444444444444445,2.8384615384615377,,,,17.357407407407404,0,0,1.8844999999999998,0,0,0,0,0,0,0,0,0,0,0
Fri Jun 05 2026,,-1.5688888888888888,302.37142857142857,304.64285714285717,,,764.1396825396826,11,7.766666666666666,2.855555555555555,,,,17.040350877192985,0,0,1.9057894736842103,0,0,0,0,0,0,0,0,0,0,0
Fri Jun 05 2026,,1.8876404494382022,265.4583333333333,272.258064516129,,,791.2739130434783,11,7.788888888888888,2.858333333333333,,,,16.225454545454546,39.76904761904762,0,1.9088888888888889,0,0,0,0,0,0,0,0,0,0,0
Fri Jun 05 2026,,134.98947368421054,286.93617021276594,419.03225806451616,,,1123.7096385542168,11,7.75,2.836363636363636,,,,16.38245614035088,192.08205128205128,0,1.91,0,0,0,0,0,0,0,0,0,0,0
Fri Jun 05 2026,,17.592307692307692,387.73333333333335,1089.1836734693877,,,801.3627118644067,11,7.776923076923078,2.8666666666666663,,,,16.299999999999997,164.3098360655738,0,1.903888888888889,0,0,0,0,0,0,0,0,0,0,0
Fri Jun 05 2026,,44.294827586206885,395.53061224489795,915.1851851851852,,,892.3097560975609,11,7.783333333333332,2.8249999999999997,,,,16.37678571428572,181.5666666666667,0,1.8845000000000003,0,0,0,0,0,0,0,0,0,0,0
Fri Jun 05 2026,,100.06206896551723,381.41,2093.75,,,920.8282051282052,11,7.781818181818181,2.8384615384615377,,,,16.266666666666666,212.20689655172416,0,1.8855,0,0,0,0,0,0,0,0,0,0,0
Fri Jun 05 2026,,133.50273972602741,367.15238095238095,2400,,,927.239583333333,11,7.71111111111111,2.8499999999999996,,,,16.433962264150942,215.94915254237287,0,1.8820000000000001,0,0,0,0,0,0,0,0,0,0,0
Fri Jun 05 2026,,47.16184210526317,408.9583333333333,2336,,,917.8854545454546,11,7.63,2.846153846153846,,,,16.263157894736842,214.3016949152542,0,1.881578947368421,0,0,0,0,0,0,0,0,0,0,0
Fri Jun 05 2026,,-64.73846153846151,426.33684210526314,1277.3584905660377,,,911.0396551724135,11,7.577777777777778,2.855555555555555,,,,16.51929824561404,209.71186440677968,0,1.8852631578947368,0,0,0,0,0,0,0,0,0,0,0
Fri Jun 05 2026,,19.621739130434783,354.4318181818182,381.219512195122,,,1028.5430555555552,11,7.650000000000001,2.8499999999999996,,,,15.961403508771928,204.05106382978718,0,1.9260000000000002,0,0,0,0,0,0,0,0,0,0,0
Fri Jun 05 2026,,0.3314814814814816,394.35238095238094,398.4,,,1035.8641025641025,11,7.6,2.8499999999999996,,,,16.896551724137936,202.38103448275862,0,1.851578947368421,0,0,0,0,0,0,0,0,0,0,0
Fri Jun 05 2026,,5.287323943661972,417.25531914893617,422.85714285714283,,,1078.3745098039215,12,80.85263157894737,2.846153846153846,,,,16.39827586206897,199.93,0,1.9170000000000003,0,0,0,0,0,0,0,0,0,0,0
Fri Jun 05 2026,,0.4514018691588795,363.1470588235294,363.6111111111111,,,1105.6952380952378,12,89.30869565217391,2.854545454545454,,,,16.72241379310345,200.48666666666665,0,1.8684999999999998,0,0,0,0,0,0,0,0,0,0,0
Fri Jun 05 2026,,-2.705434782608695,380.7979797979798,385.16129032258067,,,1005.8985507246379,12,81.5875,2.8499999999999996,,,,15.958490566037737,200.16724137931035,0,1.8783333333333334,0,0,0,0,0,0,0,0,0,0,0
Fri Jun 05 2026,,-1.301176470588235,332.55670103092785,339.03225806451616,,,919.1296874999998,13,18.764285714285712,2.814285714285714,,,,16.969491525423734,198.22950819672135,0,1.8657894736842107,0,0,0,0,0,0,0,0,0,0,0
Fri Jun 05 2026,,-9.562376237623761,167.27450980392157,145.51724137931035,,,897.0924731182795,13,7.818181818181819,2.8499999999999996,,,,16.505357142857143,197.86065573770492,0,1.9121052631578948,0,0,0,0,0,0,0,0,0,0,0
Fri Jun 05 2026,,8.033928571428573,-84.59183673469387,-79.07407407407408,,,981.9396226415098,14.544776119402986,7.800000000000001,2.8727272727272726,,,,16.571666666666665,195.5178571428572,0,1.9068421052631577,0,0,0,0,0,0,0,0,0,0,0
Fri Jun 05 2026,,4.756140350877192,-6.339805825242719,-12.592592592592593,,,929.8736842105264,16,7.783333333333334,2.84,,,,16.932142857142853,195.7083333333334,0,1.9385,0,0,0,0,0,0,0,0,0,0,0
Fri Jun 05 2026,,-13.105982905982897,-149.6701030927835,-160.6,,,771.1598802395212,17.398058252427184,7.849999999999999,2.8499999999999996,,,,16.62181818181819,195.61525423728813,0,1.9240000000000002,0,0,0,0,0,0,0,0,0,0,0
Fri Jun 05 2026,,-65.10392156862746,-699.18,-830.925925925926,,,853.5645933014348,19.96590909090909,7.7555555555555555,2.883333333333333,,,,16.62456140350877,198.01016949152537,0,1.928947368421053,0,0,0,0,0,0,0,0,0,0,0
Fri Jun 05 2026,,-28.000000000000025,-750.4848484848485,-1899.1836734693877,,,892.2066889632108,23.10989010989011,7.74,2.8499999999999996,,,,16.84181818181818,186.46949152542368,0,1.9294444444444443,0,0,0,0,0,0,0,0,0,0,0
Fri Jun 05 2026,,3.0092436974789947,-197.33,-195.28301886792454,,,921.5623188405804,25.52173913043478,7.75,2.8399999999999994,,,,16.66101694915254,197.36551724137925,0,1.8935000000000002,36.59913043478261,0,0,0,0,0,0,0,0,0,0
Fri Jun 05 2026,,5.126851851851866,-441.28,-438.7719298245614,,,974.5182352941179,28.275862068965516,7.821428571428571,2.8899999999999997,,,,16.87966101694915,196.6145161290323,0,1.9221052631578945,37.179047619047616,0,0,0,0,0,0,0,0,0,0
Fri Jun 05 2026,,10.767592592592594,-148.62,-133.87755102040816,,,944.1488888888892,30,7.766666666666667,2.846153846153846,,,,16.81016949152542,196.21403508771934,0,1.8888888888888888,37.02739130434782,0,0,0,0,0,0,0,0,0,0
Fri Jun 05 2026,,-8.61743119266055,-196.03,-185.88235294117646,,,859.4944444444444,31.477064220183486,7.763636363636363,2.86,,,,21.541071428571424,198.2152542372882,0,1.8975000000000002,36.97272727272727,0,0,0,0,0,0,0,0,0,0
Fri Jun 05 2026,16.926392857142858,16.196774193548393,-61.46590909090909,-55,-795.74,-0.7558823529411791,830.3495726495725,32.896103896103895,7.745454545454546,2.8299999999999996,141.0727272727273,0,0,20.028000000000002,193.3792452830188,0,1.8638888888888887,36.951052631578946,0,0,0,0,0,0,0,0,0,0
Fri Jun 05 2026,16.926392857142858,16.196774193548393,-61.46590909090909,-55,-795.74,-0.7558823529411791,830.3495726495725,32.896103896103895,7.745454545454546,2.8299999999999996,141.0727272727273,0,0,20.028000000000002,193.3792452830188,0,1.8638888888888887,36.951052631578946,0,0,0,0,0,0,0,0,0,0