category,Netz aktuell,Netz Ø,SunEnergy Ist,SunEnergy Soll,Hoymiles,SunEnergy AC,Hausverbrauch,Batterie SOC,Heizung,Pool,Desk PC,Trockner,Waschmaschine,Server,Bambu H2C,Bambu X1C,Entkalkung,Gaming Monitore,Treppe,Kaffeemaschine,Küche Unterbau 1,Küche Unterbau 2,Küche Unterbau 3,Küche Unterbau 4,Carport Licht 1,Carport Licht 2,Carport Licht 3,Carport Licht 4,Waschküche_licht,Werkstatt_licht,E_Werkstatt_licht
Sat Jun 06 2026,10.08914035087719,8.904424778761062,426.86,430.4,-51.05703422053232,-416.30416666666656,496.98924418604634,75,7.623076923076923,2.818181818181818,129.5409090909091,0,61.00821917808223,16.22280701754386,0,0,1.8788888888888888,34.20260869565218,0,0,0,0,0,0,0,0,0,0,0,0,0
Sat Jun 06 2026,-0.9443409090909086,-0.5875000000000006,496.54,502.1276595744681,-44.69924528301888,-518.0999999999999,549.6709876543209,74,7.618181818181818,2.8299999999999996,133.36285714285717,0,43.71171171171169,15.674545454545457,0,0,1.871666666666667,36.96761904761905,0,0,0,0,0,0,0,0,0,0,0,0,0
Sat Jun 06 2026,1.5133191489361695,1.5127659574468095,485.57,487.95454545454544,-37.80744680851068,-495.2352941176471,536.2884393063586,73,7.627272727272728,2.783333333333333,132.8725,0,32.905,16.387719298245614,0,0,1.8547368421052632,36.86954545454546,0,0,0,0,0,0,0,0,0,0,0,0,0
Sat Jun 06 2026,1.919779999999999,3.111111111111111,504.02,505.2083333333333,-32.64166666666666,-509.03846153846155,545.1161931818183,72,7.658333333333332,2.8499999999999996,134.26176470588234,0,61.7676056338028,16.382456140350875,0,0,1.8765000000000005,36.773809523809526,0,0,0,0,0,0,0,0,0,0,0,0,0
Sat Jun 06 2026,0.9946578947368427,-0.3960526315789483,392.71,393.3333333333333,-24.835971223021588,-402.565,426.8779761904762,72,7.6499999999999995,2.8299999999999996,130.41818181818184,0,27.287500000000005,16.471929824561403,0,0,1.8878947368421055,36.75727272727273,0,0,0,0,0,0,0,0,0,0,0,0,0
Sat Jun 06 2026,2.578736842105263,2.3746666666666663,391.15,394.2857142857143,-22.342361111111114,-405.20000000000005,425.93156342182914,71,7.633333333333334,2.8166666666666664,125.7277777777778,0,37.8804347826087,16.003448275862066,0,0,1.8894736842105262,36.70904761904762,0,0,0,0,0,0,0,0,0,0,0,0,0
Sat Jun 06 2026,0.9231836734693859,1.9010204081632651,511.53,529.3333333333334,-17.717006802721084,-552.675,544.0460055096418,70,7.709999999999999,2.8499999999999996,127.45294117647057,0,97.51743119266057,16.14736842105263,0,0,1.8566666666666665,36.660869565217396,0,0,0,0,0,0,0,0,0,0,0,0,0
Sat Jun 06 2026,4.894189655172415,4.841379310344826,462.7070707070707,464.54545454545456,-12.324567474048436,-462.8666666666666,487.64137931034486,69,7.709090909090909,2.86,130.68333333333334,0,70.08275862068962,16.687272727272724,0,0,1.8800000000000001,36.61736842105263,0,0,0,0,0,0,3.2,3.05,3.05,3.15,0,0,0
Sat Jun 06 2026,-2.23678,-1.2400000000000002,494.0208333333333,506.27906976744185,-7.859550561797758,-531.6449999999999,510.6389880952378,68,7.75,2.836363636363636,121.46190476190475,0,94.33818181818181,15.556363636363637,0,0,1.8985000000000007,25.805909090909097,0,0,14.92375,14.92375,14.92375,0,3.2,3.05,3.05,3.15,0,0,0
Sat Jun 06 2026,5.377188679245283,3.424528301886793,383.8953488372093,385.8333333333333,-2.5464944649446526,-394.64193548387095,407.58169014084507,68,7.75,2.854545454545454,99.11176470588235,0,66.74,15.8537037037037,0,0,1.8765,0.9328571428571428,0,0,16.56,16.56,16.56,0,0,0,0,0,0,0,0
Sat Jun 06 2026,2.840372549019608,2.8352941176470576,499.64444444444445,503.40425531914894,2.0510869565217393,-513.1705882352942,516.6841269841271,67,7.761538461538461,2.822222222222222,96.22499999999998,0,59.71612903225807,15.805084745762715,0,0,1.887,0.9222727272727272,0,0,16.315714285714286,16.315714285714286,16.315714285714286,0,0,0,0,0,0,0,0
Sat Jun 06 2026,-3.4844250000000017,-2.465000000000001,517.4269662921348,526,7.55,-558.4857142857143,545.2825396825396,66,7.7700000000000005,2.8499999999999996,98.10555555555555,0,90.18125000000002,15.575000000000001,0,0,1.871666666666667,0.9547619047619048,0,0,0,0,0,0,0,0,0,0,0,0,0
Sat Jun 06 2026,2.2037272727272734,1.877272727272727,491.5208333333333,496.1363636363636,7.45,-499.9307692307692,507.1265060240965,65,7.546153846153846,2.8249999999999997,98.34210526315789,0,70.42640449438203,16.01818181818182,0,0,1.89,0.9380952380952382,0,0,15.56578947368421,15.56578947368421,15.56578947368421,0,0,0,0,0,0,0,0
Sat Jun 06 2026,4.249437499999999,4.373958333333335,521.8453608247422,505.80645161290323,7.433333333333334,-513.1615384615385,536.6640624999999,64,7.510000000000001,2.8374999999999995,99.91875,0,97.23714285714286,15.347272727272726,0,0,1.867894736842105,0.9695,0,0,16.721538461538465,16.721538461538465,16.721538461538465,0,0,0,0,0,0,0,0
Sat Jun 06 2026,-19.034945945945942,-19.776388888888896,488.83870967741933,455.2173913043478,7.45,-408.9857142857144,441.9622641509433,63,7.55,2.7769230769230764,97.02941176470587,0,96.09166666666665,15.361818181818188,0,0,1.8885,0.969,2.0766666666666667,0,16.16129032258065,15.663437500000006,15.663437500000006,0,3.2,3.05,3.05,3.15,0,0,0
Sat Jun 06 2026,0.31037931034482763,0.48000000000000026,337.4117647058824,338.3333333333333,7.45,-346.0222222222222,355.25500000000005,63,7.7272727272727275,2.8299999999999996,96.97222222222221,0,2.75,15.51428571428571,0,0,1.8969999999999998,0.9504166666666666,0,0,16.709999999999997,16.709999999999997,16.709999999999997,0,0,0,0,0,0,0,0
Sat Jun 06 2026,-0.36115384615384627,-0.2568627450980392,339.62068965517244,343.0769230769231,7.466666666666666,-348.86249999999995,356.34594594594597,62.0679012345679,7.764285714285713,2.8499999999999996,97.05,0,2.6500000000000004,15.549152542372877,0,0,1.8933333333333329,0.9435,1.67,0,16.711304347826047,16.711304347826047,16.711304347826047,0,0,0,0,0,0,0,0
Sat Jun 06 2026,4.20358064516129,3.8483870967741924,329.7303370786517,340.4166666666667,7.4799999999999995,-348.55833333333334,359.2666666666667,61,7.8,2.866666666666666,110.66250000000002,0,1.3,15.56724137931034,0,0,1.9116666666666664,8.020476190476192,0,0,15.867000000000004,15.867000000000004,15.867000000000004,0,0,0,0,0,0,0,0
Sat Jun 06 2026,1.7249615384615384,2.1117647058823525,413.3370786516854,416,7.6,-417.3,430.5611111111111,61,7.823076923076924,2.846153846153846,124.94375,0,0,15.366071428571425,0,0,1.9178947368421055,37.07521739130435,0,0,0,0,0,0,0,0,0,0,0,0,0
Sat Jun 06 2026,8.261958333333334,8.8,474.34939759036143,487.6923076923077,7.2,-476.0615384615385,493.6200000000002,60,7.5200000000000005,2.7636363636363637,122.9125,0,0,15.379245283018866,0,0,1.8380000000000003,36.92999999999999,0,0,0,0,0,0,0,0,0,0,0,0,0
Sat Jun 06 2026,2.2718000000000003,1.516,521.6966292134831,526.3157894736842,7.15,-530.3666666666667,535.0484848484847,59,7.441666666666667,2.7583333333333333,124.0909090909091,0,0,15.578181818181818,0,0,1.8239999999999998,36.82380952380951,0,0,15.428571428571429,15.428571428571429,15.428571428571429,0,0,0,0,0,0,0,0
Sat Jun 06 2026,-2.743,-0.4999999999999999,566.1123595505618,567.0588235294117,7.199999999999999,-578.4166666666666,581.9068965517241,58,7.45,2.7583333333333333,125.16666666666669,0,0,15.741818181818184,0,0,1.8194736842105264,35.71238095238094,2.151666666666667,0,16.456666666666667,16.456666666666667,16.456666666666667,0,0,0,0,0,0,0,0
Sat Jun 06 2026,-10.212500000000002,-10.913333333333334,422.8557692307692,436.4516129032258,7.199999999999999,-440.8076923076923,432.63478260869584,57,7.49,2.7444444444444445,98.16842105263157,0,0,15.30740740740741,0,0,1.7970588235294118,1.7978260869565212,0,0,16.712238805970134,16.712238805970134,16.712238805970134,0,0,0,0,0,0,0,0
Sat Jun 06 2026,9.968806451612906,9.939344262295084,405.2881355932203,427.22222222222223,7.2,-427.43999999999994,435.2000000000001,56.196850393700785,7.492857142857143,2.7555555555555555,125.27027027027027,0,0,15.699999999999996,0,0,1.8047368421052634,25.641363636363636,0,0,16.513411764705857,16.513411764705857,16.513411764705857,0,0,0,0,0,0,0,0
Sat Jun 06 2026,1.5775806451612904,1.5306451612903227,417.038961038961,421.5,7.25,-427.0285714285714,432.88500000000005,56,7.529999999999999,2.75,130.9705882352941,0,0,15.74912280701754,0,0,1.8630000000000002,36.82217391304348,0,0,0,0,0,0,0,0,0,0,0,0,0
Sat Jun 06 2026,4.180740740740741,4.0888888888888895,458.3762376237624,460.4166666666667,7.15,-466.7714285714286,480.36666666666656,55,7.536363636363635,2.775,125.35714285714286,0,0,16.227272727272727,0,0,1.805555555555556,36.74913043478261,0,0,14.8875,14.8875,14.8875,0,0,0,0,0,0,0,0
Sat Jun 06 2026,0.266375,0.2688888888888888,460.88421052631577,465,7.266666666666667,-466.23999999999995,475.840625,54,7.540000000000001,2.7818181818181817,125.84666666666665,0,0,16.17068965517241,0,0,1.8278947368421055,36.739545454545464,0,0,16.709999999999994,16.709999999999994,16.709999999999994,0,0,0,0,0,0,0,0
Sat Jun 06 2026,-2.9500909090909087,-3.2261904761904763,419.36,418,7.25,-430.4714285714286,434.2903225806451,53,7.5,2.783333333333333,125.26250000000002,0,0,15.914545454545458,0,0,1.8389473684210524,36.715909090909086,0,0,14.853333333333333,14.853333333333333,14.853333333333333,0,0,0,0,0,0,0,0
Sat Jun 06 2026,-6.409999999999999,-4.614035087719298,406.44554455445547,405.6666666666667,7.199999999999999,-397.9428571428571,408.6950000000001,52,7.366666666666666,2.75,121.94285714285714,0,0,15.84727272727273,0,0,1.874210526315789,33.039565217391306,0,0,0,0,0,0,0,0,0,0,0,0,0
Sat Jun 06 2026,1.7256315789473684,-0.284,292.969696969697,295.625,7.2,-302.4,311.7652173913043,52,7.3500000000000005,2.8099999999999996,98.11176470588236,0,0,16.514035087719297,0,0,1.8559999999999999,0.9339999999999999,0,0,15.34,15.34,15.34,0,0,0,0,0,0,0,0
Sat Jun 06 2026,8.267199999999999,7.245,341.84313725490193,340.5,7.24,-349.6928571428571,365.3,51,7.372727272727274,2.7615384615384615,108.50999999999999,0,0,15.672881355932203,0,0,1.835,5.763478260869565,0,0,15.050833333333335,15.050833333333335,15.050833333333335,0,0,0,0,0,0,0,0
Sat Jun 06 2026,6.293899999999999,7.877966101694915,497.4591836734694,497.5,7.233333333333333,-496.07142857142856,519.0949999999999,50,95.59090909090911,2.75,127.4642857142857,0,0,16.10925925925926,0,0,1.8054999999999999,36.94761904761906,0,0,0,0,0,0,0,0,0,0,0,0,0
Sat Jun 06 2026,9.630230769230769,10.243137254901956,619.4646464646464,614.8837209302326,7.25,-631.7874999999999,639.9081081081082,49,84.72692307692309,2.783333333333333,125.09583333333332,0,0,15.705357142857142,0,0,1.8426315789473684,36.7915,0,0,15.814444444444442,15.814444444444442,15.814444444444442,0,0,0,0,0,0,0,0
Sat Jun 06 2026,-2.42316,-1.676,632.75,633.4285714285714,7.2,-635.3,642.5694444444445,48,69.35454545454546,2.82,124.92352941176469,0,0,15.683333333333326,0,0,1.846842105263158,36.74227272727273,0,0,16.71454545454546,16.71454545454546,16.71454545454546,0,0,0,0,0,0,0,0
Sat Jun 06 2026,-0.46900000000000014,-1.3480000000000008,537.78,539.3333333333334,7.233333333333333,-545.6833333333333,551.5529411764705,47,7.666666666666667,2.8,126.28999999999999,0,0,15.383928571428575,0,0,1.8475000000000001,36.71458333333333,0,0,16.214117647058828,16.214117647058828,16.214117647058828,0,0,0,0,0,0,0,0
Sat Jun 06 2026,-9.76258064516129,-10.324590163934424,343,349.6296296296296,7.35,-364.2615384615385,354.4608695652174,47,7.618181818181818,2.76,68.13333333333334,0,0,15.477777777777781,0,0,1.8414999999999995,5.1136,1.67,0,0,0,0,0,0,0,0,0,0,0,0
Sat Jun 06 2026,-7.281250000000001,-6.8666666666666645,268.5204081632653,256.47058823529414,7.280000000000001,-250.4307692307693,265.73333333333335,46,7.574999999999999,2.8166666666666664,1.8499999999999999,0,0,15.862499999999997,0,0,1.8889473684210527,1.0694736842105264,2.3925,0,0,0,0,0,0,0,0,0,0,0,0
Sat Jun 06 2026,-0.36100000000000004,-0.3485714285714284,202.01,204.76190476190476,7.35,-215.12999999999997,221.561403508772,46,7.554545454545454,2.75,1.775,0,0,15.566071428571432,0,0,1.858421052631579,1.0882608695652174,0,0,0,0,0,0,0,0,0,0,0,0,0
Sat Jun 06 2026,0.38046808510638314,0.4817204301075271,212.93,213.125,7.3,-224.21363636363637,232.85138888888892,45,7.6000000000000005,2.808333333333333,1.85,0,0,15.383636363636365,0,0,1.8311111111111107,1.0918181818181818,0,0,0,0,0,0,0,0,0,0,0,0,0
Sat Jun 06 2026,0.8376279069767442,0.5906976744186047,214.95,214.84848484848484,7.300000000000001,-225.27647058823527,235.7806451612903,45,7.546153846153846,2.75,1.8,0,0,15.694736842105264,0,0,1.8427777777777778,1.0699999999999998,0,0,0,0,0,0,0,0,0,0,0,0,0
Sat Jun 06 2026,0.08332558139534889,0.20465116279069787,214.18,215.75757575757575,7.3500000000000005,-222.27142857142854,230.05185185185184,44,7.554545454545454,2.77,1.75,0,0,15.466071428571427,0,0,1.8569999999999998,1.0895454545454548,0,0,0,0,0,0,0,0,0,0,0,0,0
Sat Jun 06 2026,-0.11155813953488378,-0.03372093023255812,215.95,215,7.300000000000001,-224.73333333333332,233.82037037037037,44,7.55,2.7714285714285714,1.85,0,0,15.757894736842106,0,0,1.8495000000000001,1.0852380952380951,0,0,0,0,0,0,0,0,0,0,0,0,0
Sat Jun 06 2026,5.71442105263158,5.269736842105263,246.126213592233,233.57142857142858,7.333333333333333,-275.95000000000005,267.50204081632654,44,7.550000000000001,2.8,1.8,0,0,15.526785714285719,0,0,1.8615000000000002,1.0763636363636364,0,0,0,0,0,0,0,0,0,0,0,0,0
Sat Jun 06 2026,-0.7474666666666667,-0.2733333333333333,322.5360824742268,323.4782608695652,7.325000000000001,-331.3888888888889,341.47209302325587,43,7.529999999999999,2.791666666666666,1.8799999999999997,0,0,15.27222222222222,0,0,1.857777777777778,1.0795652173913046,0,0,0,0,0,0,0,0,0,0,0,0,0
Sun Jun 07 2026,-0.07821428571428564,-0.2857142857142857,319.63,321.6,7.266666666666667,-330,339.6243902439024,42,7.566666666666667,2.7692307692307696,1.7666666666666666,0,0,15.23090909090909,0,0,1.8480000000000003,1.084,0,0,0,0,0,0,0,0,0,0,0,0,0
Sun Jun 07 2026,0.7146666666666667,0.8296296296296295,318.93203883495147,319,7.2,-329.7,336.85897435897436,42,7.583333333333333,2.783333333333333,1.7,0,0,16.108928571428574,0,0,1.841,1.0764999999999998,0,0,0,0,0,0,0,0,0,0,0,0,0
Sun Jun 07 2026,-4.899969696969696,-4.832307692307694,245.0909090909091,230.8,7.3,-246.4857142857143,257.3142857142857,41,7.58,2.8166666666666664,1.8,0,0,15.470370370370368,0,0,1.8744999999999998,1.093157894736842,0,0,0,0,0,0,0,0,0,0,0,0,0
Sun Jun 07 2026,-0.09315384615384623,-0.05256410256410257,215.5408163265306,215.625,7.2749999999999995,-225.59473684210528,234.95161290322582,41,7.6000000000000005,2.75,1.7999999999999998,0,0,15.839215686274514,0,0,1.8276470588235294,1.077826086956522,0,0,0,0,0,0,0,0,0,0,0,0,0
Sun Jun 07 2026,0.9852857142857143,0.94,216.7171717171717,215.9090909090909,7.25,-225.8095238095238,237.31206896551726,40,7.5875,2.775,1.65,0,0,15.477358490566035,0,0,1.8720000000000003,1.0947619047619048,0,0,0,0,0,0,0,0,0,0,0,0,0
Sun Jun 07 2026,16.489804878048787,16.796250000000004,206.56435643564356,201.66666666666666,7.366666666666667,-151.5125,240.86779661016956,39.77401129943503,7.610000000000001,2.855555555555555,1.85,0,0,15.48947368421053,0,0,1.861578947368421,1.093809523809524,0,0,0,0,0,0,0,0,0,0,0,0,0
Sun Jun 07 2026,1.584081081081079,1.605479452054796,221.62626262626262,236.20689655172413,7.400000000000001,-234.78333333333333,243.3769230769231,40,7.700000000000001,2.8499999999999996,1.8,0,0,15.471428571428572,0,0,1.8260000000000005,1.0863636363636362,0,0,0,0,0,0,0,0,0,0,0,0,0
Sun Jun 07 2026,0.8468125000000002,1.025,217.4368932038835,215,7.400000000000001,-230.01999999999998,237.59499999999989,39,7.710000000000001,2.8299999999999996,1.8,0,0,15.33035714285714,0,0,1.8579999999999999,1.0756521739130434,0,0,0,0,0,0,0,0,0,0,0,0,0
Sun Jun 07 2026,4.426552631578947,4.586842105263158,258.69072164948454,256.969696969697,7.333333333333333,-309.10833333333335,288.9962264150943,39,7.6,2.827272727272727,1.3666666666666665,0,0,15.636842105263158,0,0,1.8900000000000006,1.0877272727272727,0,0,0,0,0,0,0,0,0,0,0,0,0
Sun Jun 07 2026,-0.09320833333333338,-0.07291666666666652,316.07,318.42105263157896,7.32,-324.3333333333333,334.1371428571428,38,7.51,2.839999999999999,1.75,0,0,15.761403508771929,0,0,1.8954999999999997,1.069047619047619,0,0,0,0,0,0,0,0,0,0,0,0,0
Sun Jun 07 2026,1.1544999999999996,0.9562499999999999,310.97087378640776,313.3333333333333,7.366666666666667,-323.58000000000004,331.41875,38,7.540000000000001,2.8499999999999996,1.5999999999999999,0,0,15.508620689655173,0,0,1.86,1.0795454545454548,0,0,0,0,0,0,0,0,0,0,0,0,0
Sun Jun 07 2026,-5.784733333333334,-3.928813559322034,304.5257731958763,297.9166666666667,7.25,-299.68,307.78571428571433,37,7.528571428571429,2.8249999999999997,1.75,0,0,18.17241379310345,0,0,1.9110000000000003,1.0808695652173912,0,0,0,0,0,0,0,0,0,0,0,0,0
Sun Jun 07 2026,0.8173913043478259,-0.5340659340659338,213.12,214.23076923076923,7.366666666666667,-223.52222222222224,234.30877192982453,37,7.699999999999999,2.8181818181818183,1.8,0,0,24.98245614035088,0,0,1.868947368421053,1.0847826086956522,0,0,0,0,0,0,0,0,0,0,0,0,0
Sun Jun 07 2026,1.3401515151515153,1.1323076923076922,208.19387755102042,209.44444444444446,7.550000000000001,-218.1777777777778,228.15555555555557,36,7.699999999999999,2.8499999999999996,1.7666666666666666,0,0,21.12105263157895,0,0,1.8533333333333333,1.1017391304347826,0,0,0,0,0,0,0,0,0,0,0,0,0
Sun Jun 07 2026,-0.8088108108108109,-0.5633802816901409,201.76190476190476,204.16666666666666,7.65,-212.13333333333333,220.08913043478265,36,7.7444444444444445,2.8333333333333326,1.75,0,0,16.299999999999997,0,0,1.8524999999999998,1.0752380952380953,0,0,0,0,0,0,0,0,0,0,0,0,0
Sun Jun 07 2026,0.4354722222222223,0.404225352112676,196.53684210526316,195,7.6,-206.22499999999997,216.45,35,7.65,2.8499999999999996,1.8,0,0,16.22280701754386,0,0,1.8764999999999996,1.0771428571428572,0,0,0,0,0,0,0,0,0,0,0,0,0
Sun Jun 07 2026,0.23205128205128192,0.192,195.40404040404042,194.83870967741936,7.7,-208.14000000000001,216.31555555555556,35,7.718181818181819,2.8499999999999996,1.8,0,0,15.977192982456138,0,0,1.8868421052631577,1.0895454545454548,0,0,0,0,0,0,0,0,0,0,0,0,0
Sun Jun 07 2026,0.3990256410256408,0.4805194805194806,196.18,195,7.566666666666666,-208.32,216.5127659574468,35,7.683333333333334,2.8538461538461535,1.7999999999999998,0,0,15.794915254237289,0,0,1.86,1.0830000000000002,0,0,0,0,0,0,0,0,0,0,0,0,0
Sun Jun 07 2026,6.786078947368422,6.8539473684210535,271.13861386138615,267.8125,7.65,-281.8875,288.9063829787234,34,7.728571428571429,2.8428571428571425,1.5833333333333333,0,0,15.808928571428572,0,0,1.859473684210526,1.0895454545454546,0,0,0,0,0,0,0,0,0,0,0,0,0
Sun Jun 07 2026,0.9547600000000002,0.7040816326530612,297.1764705882353,296.6666666666667,7.624999999999999,-309.3625,318.0189189189189,33,7.710000000000001,2.8499999999999996,1.8,0,0,15.827586206896553,0,0,1.8926315789473689,1.1086363636363636,0,0,0,0,0,0,0,0,0,0,0,0,0
Sun Jun 07 2026,-0.1398636363636365,-0.0523809523809524,298.4257425742574,300,7.55,-313.76,318.42068965517245,33,7.736363636363635,2.8499999999999996,1.8,0,0,15.96,0,0,1.9063157894736837,1.0881818181818181,0,0,0,0,0,0,0,0,0,0,0,0,0
Sun Jun 07 2026,-6.327967741935483,-6.4278688524590155,263.96938775510205,251.25,7.55,-267.4000000000001,265.9941176470588,32,7.733333333333334,2.854545454545454,1.8,0,0,16.508928571428573,0,0,1.8884210526315788,1.0772727272727274,0,0,0,0,0,0,0,0,0,0,0,0,0
Sun Jun 07 2026,0.19866666666666652,0.21904761904761902,193.989898989899,194.84848484848484,7.65,-208.7,215.23061224489797,32,7.75,2.823076923076923,1.7,0,0,16.01636363636364,0,0,1.887894736842105,1.0934782608695655,0,0,0,0,0,0,0,0,0,0,0,0,0
Sun Jun 07 2026,-0.1816530612244904,-0.20515463917525775,191.55555555555554,199.72222222222223,7.65,-186.86399999999998,208.053947368421,32,7.7,2.8499999999999996,1.8,0,0,16.63090909090909,0,0,1.9025000000000003,1.082857142857143,0,0,0,0,0,0,0,0,0,0,0,0,0
Sun Jun 07 2026,0.04239130434782594,0.11777777777777768,194.85,194.84848484848484,7.574999999999999,-207,215.63207547169807,31,7.627272727272726,2.8499999999999996,1.7333333333333334,0,0,15.789830508474575,0,0,1.9033333333333333,1.0914285714285714,0,0,0,0,0,0,0,0,0,0,0,0,0
Sun Jun 07 2026,-0.5709999999999998,-0.6916666666666668,192.14705882352942,195,7.68,-203.56153846153848,212.79259259259257,31,7.5636363636363635,2.8499999999999996,1.75,0,0,15.335849056603772,0,0,1.88,1.0904545454545453,0,0,0,0,0,0,0,0,0,0,0,0,0
Sun Jun 07 2026,0.6846666666666664,0.42894736842105263,192.34343434343435,195,7.6,-202.66,211.08636363636361,30,7.588888888888889,2.8533333333333326,1.75,0,0,15.405263157894735,0,0,1.9,1.0795454545454548,0,0,0,0,0,0,0,0,0,0,0,0,0
Sun Jun 07 2026,-0.6680714285714283,-0.46785714285714275,194.23232323232324,195.71428571428572,7.65,-208.94166666666663,215.90892857142856,30,7.566666666666666,2.8333333333333326,1.8,0,0,15.774545454545448,0,0,1.872222222222222,1.0855000000000001,0,0,0,0,0,0,0,0,0,0,0,0,0
Sun Jun 07 2026,10.293343749999998,10.182812499999999,331.17,322.962962962963,7.55,-321.52777777777777,355.53653846153856,29,78.79444444444444,2.849999999999999,1.78,0,0,15.877192982456144,0,0,1.9021052631578947,1.0885714285714287,0,0,0,0,0,0,0,0,0,0,0,0,0
Sun Jun 07 2026,1.0557241379310347,0.9392857142857142,383.34,384,7.599999999999999,-393.9428571428571,403.40263157894736,29,89.46666666666665,2.854545454545454,1.8,0,0,15.385714285714284,0,0,1.8810000000000007,1.0972727272727272,0,0,0,0,0,0,0,0,0,0,0,0,0
Sun Jun 07 2026,5.396870967741934,5.876666666666666,368.93,384.61538461538464,7.55,-353.01250000000005,392.9040816326532,28,83.02857142857142,2.8454545454545452,1.85,0,0,15.366666666666665,0,0,1.8936842105263156,1.1042105263157895,0,0,0,0,0,0,0,0,0,0,0,0,0
Sun Jun 07 2026,-8.340909090909092,-8.43030303030303,269.25,268.84615384615387,7.5,-256.5555555555555,265.51346153846157,28,30.313333333333333,2.8249999999999997,1.8,0,0,16.267857142857142,0,0,1.918,1.0776190476190477,0,0,0,0,0,0,0,0,0,0,0,0,0
Sun Jun 07 2026,-0.5160500000000001,-0.4587500000000001,191.44117647058823,194.8148148148148,7.6,-204.2,213.1625,27,7.766666666666667,2.8571428571428568,1.75,0,0,16.174545454545463,0,0,1.8755555555555554,1.0838095238095238,0,0,0,0,0,0,0,0,0,0,0,0,0
Sun Jun 07 2026,-0.6210526315789472,-0.5999999999999998,191.5252525252525,195,7.7,-205.39473684210532,212.63103448275868,27,7.75,2.8499999999999996,1.7999999999999998,0,0,15.92115384615384,0,0,1.8660000000000003,1.0934782608695652,0,0,0,0,0,0,0,0,0,0,0,0,0
Sun Jun 07 2026,0.3896756756756757,0.23287671232876697,191.83838383838383,195,7.7,-202.76000000000002,212.31086956521733,26,7.792857142857143,2.8499999999999996,1.75,0,0,15.988888888888894,0,0,1.9378947368421053,1.101,0,0,0,0,0,0,0,0,0,0,0,0,0
Sun Jun 07 2026,-0.38975000000000004,-0.33768115942028987,192.21,196,7.699999999999999,-206.80909090909088,213.43200000000007,26,7.7444444444444445,2.8899999999999997,1.675,0,0,15.707017543859642,0,0,1.9015000000000004,1.0681818181818181,0,0,0,0,0,0,0,0,0,0,0,0,0
Sun Jun 07 2026,-0.7952439024390245,-0.851219512195122,192.43,195,7.65,-204.67999999999998,212.9666666666666,26,7.792857142857143,2.843749999999999,1.85,0,0,16.27413793103448,0,0,1.8875,1.091304347826087,0,0,0,0,0,0,0,0,0,0,0,0,0
Sun Jun 07 2026,6.550051282051282,3.2173333333333334,194.09,197.93103448275863,7.7,-225.04285714285714,227.78541666666672,25,7.700000000000001,2.854545454545454,1.7750000000000001,0,0,16.627777777777776,0,0,1.8988888888888888,1.0899999999999999,0,0,0,0,0,0,0,0,0,0,0,0,0
Sun Jun 07 2026,2.1746153846153846,7.288461538461538,301.96078431372547,301.875,7.6,-310.8111111111111,321.2846153846154,25,7.720000000000001,2.8499999999999996,1.775,0,0,16.06551724137931,0,0,1.897894736842105,1.091818181818182,0,0,0,0,0,0,0,0,0,0,0,0,0
Sun Jun 07 2026,1.863785714285714,1.9017857142857149,297.1224489795918,296.8181818181818,7.7,-310.5555555555556,317.25853658536585,24,7.781818181818181,2.84,1.7999999999999998,0,0,16.2125,0,0,1.9105555555555556,1.0955,0,0,0,0,0,0,0,0,0,0,0,0,0
Sun Jun 07 2026,1.3017037037037038,1.4499999999999995,298.44444444444446,301.30434782608694,7.55,-311.025,320.1081081081081,24,7.718181818181819,2.8571428571428568,1.8333333333333333,0,0,16.00566037735849,0,0,1.8642105263157895,1.071904761904762,0,0,0,0,0,0,0,0,0,0,0,0,0
Sun Jun 07 2026,-5.737399999999999,-5.85820895522388,230.7,232.72727272727272,7.55,-230.15333333333336,235.15882352941182,23,7.716666666666668,2.846153846153846,1.7,0,0,16.010714285714283,0,0,1.8805882352941177,1.0747826086956522,0,0,0,0,0,0,0,0,0,0,0,0,0
Sun Jun 07 2026,0.17807317073170725,0.03658536585365851,191.47,195,7.55,-204.475,211.79183673469387,23,7.75,2.8399999999999994,1.8,0,0,15.383333333333335,0,0,1.9000000000000001,1.074090909090909,0,0,0,0,0,0,0,0,0,0,0,0,0
Sun Jun 07 2026,-0.5456923076923077,-0.48157894736842105,192.02,194.82758620689654,7.55,-204.88000000000005,211.87719298245608,22,7.75,2.8454545454545452,1.7333333333333334,0,0,15.80344827586207,0,0,1.8994999999999997,1.075,0,0,0,0,0,0,0,0,0,0,0,0,0
Sun Jun 07 2026,0.3732325581395349,0.3011627906976744,190.99,194.4,7.44,-203.98636363636368,211.6428571428572,22,7.65,2.849999999999999,1.7666666666666666,0,0,16.205263157894734,0,0,1.8645000000000003,1.077826086956522,0,0,0,0,0,0,0,0,0,0,0,0,0
Sun Jun 07 2026,-0.35113157894736835,-0.20933333333333337,191.17,195,7.55,-202.83999999999997,211.39555555555557,22,7.660000000000001,2.8499999999999996,1.7333333333333334,0,0,15.898245614035087,0,0,1.8557894736842104,1.062083333333333,0,0,0,0,0,0,0,0,0,0,0,0,0
Sun Jun 07 2026,-0.38916129032258034,-0.5016393442622955,190.81,194.73684210526315,7.5,-203.65833333333333,210.58510638297872,21,7.661538461538461,2.8199999999999994,1.8,0,0,15.901851851851855,0,0,1.8750000000000004,1.0830000000000004,0,0,0,0,0,0,0,0,0,0,0,0,0
Sun Jun 07 2026,5.462052631578947,4.603999999999999,208.22,219.0909090909091,7.35,-233.7,236.966,21,7.59090909090909,2.84,1.2999999999999998,0,0,16.141818181818177,0,0,1.8499999999999999,1.091904761904762,0,0,0,0,0,0,0,0,0,0,0,0,0
Sun Jun 07 2026,0.742148148148148,2.3584905660377355,303.18,302.6666666666667,7.366666666666667,-310.81666666666666,320,20,7.575,2.8,1.75,0,0,16.696491228070172,0,0,1.8659999999999992,1.0782608695652176,0,0,0,0,0,0,0,0,0,0,0,0,0
Sun Jun 07 2026,1.3985909090909088,1.0795454545454548,294.02,296.0869565217391,7.3,-310.475,315.55161290322576,20,7.530000000000001,2.8,1.7666666666666666,0,0,16.020000000000003,0,0,1.8273684210526315,1.0957142857142859,0,0,0,0,0,0,0,0,0,0,0,0,0
Sun Jun 07 2026,0.9059230769230768,1.019230769230769,305.50961538461536,305.29411764705884,7.366666666666667,-316.46666666666664,324.25142857142856,19,7.477777777777778,2.86,1.75,0,0,25.319642857142856,0,0,1.8605,1.0885714285714283,0,0,0,0,0,0,0,0,0,0,0,0,0
Sun Jun 07 2026,-2.3836153846153842,-2.477922077922077,224.8,231.85185185185185,7.35,-228.55384615384617,238.2037037037037,19,7.45,2.7600000000000002,1.75,0,0,16.262499999999996,0,0,1.8555555555555558,1.0957142857142859,0,0,0,0,0,0,0,0,0,0,0,0,0
Sun Jun 07 2026,0.006355555555555586,-0.06111111111111109,192.65346534653466,195.76923076923077,7.35,-207.125,214.38644067796608,18,7.442857142857143,2.8166666666666664,1.75,0,0,16.14444444444445,0,0,1.8315789473684212,1.0854545454545454,0,0,0,0,0,0,0,0,0,0,0,0,0
Sun Jun 07 2026,-0.350931818181818,-0.25232558139534894,192.6,195,7.35,-207.41428571428574,217.05094339622642,18,7.591666666666668,2.7800000000000002,1.75,0,0,15.881818181818184,0,0,1.8404999999999998,1.086818181818182,0,0,0,0,0,0,0,0,0,0,0,0,0
Sun Jun 07 2026,0.013358974358974426,0.18571428571428567,191.2127659574468,194.21052631578948,7.35,-199,210.00799999999998,17,7.659999999999999,2.822222222222222,1.8,0,0,16.114814814814814,0,0,1.8564999999999998,1.0912499999999998,0,0,0,0,0,0,0,0,0,0,0,0,0
Sun Jun 07 2026,1.3262972972972973,1.0616438356164382,185.78,185,1.4625000000000006,-195.99285714285716,207.340350877193,17,7.640000000000001,2.8499999999999996,1.75,0,0,15.807272727272721,0,0,1.846842105263158,1.1186363636363634,0,0,0,0,0,0,0,0,0,0,0,0,0
Sun Jun 07 2026,0.684923076923077,0.6038961038961038,184.98039215686273,185.17241379310346,7.233333333333333,-196.5318181818182,205.91269841269852,17,7.555555555555555,2.78,1.75,0,0,15.845614035087719,0,0,1.8395,1.0845454545454545,0,0,0,0,0,0,0,0,0,0,0,0,0
Sun Jun 07 2026,24.881055555555555,18.031944444444445,201.85714285714286,229.25925925925927,7.15,-233.51290322580644,256.663768115942,16,7.533333333333332,2.79,1.3,0,0,16.331578947368417,0,0,1.8444999999999996,1.0999999999999999,0,0,0,0,0,0,0,0,0,0,0,0,0
Sun Jun 07 2026,-20.250156250000007,-12.496874999999998,300.09,306.2068965517241,1.425675675675676,-327.42857142857144,304.83416666666665,16,7.55,2.771428571428572,1.775,0,0,15.756363636363634,0,0,1.8424999999999998,1.0733333333333335,0,0,0,0,0,0,0,0,0,0,0,0,0
Sun Jun 07 2026,-1.4266904761904764,-1.6195121951219513,277.18,277.6,-0.9493449781659389,-288.17499999999995,293.562949640288,15,7.545454545454546,2.7636363636363637,1.7666666666666666,0,0,16.401666666666664,0,0,1.8455000000000001,1.0795000000000001,0,0,0,0,0,0,0,0,0,0,0,0,0
Sun Jun 07 2026,0.3213061224489797,0.30000000000000016,273.6666666666667,274.2857142857143,-4.213857677902621,-285.26666666666665,293.82461059190047,15,7.5,2.75,1.85,0,0,15.932758620689656,0,0,1.8315789473684212,1.07,0,0,0,0,0,0,0,0,0,0,0,0,0
Sun Jun 07 2026,-3.8039642857142857,-3.5405405405405417,209.77,218.14814814814815,-6.935984848484845,-205.6913043478261,224.25777126099692,14,7.542857142857144,2.7857142857142856,1.8,0,0,15.273214285714285,0,0,1.8311111111111111,1.0752380952380953,0,0,0,0,0,0,0,0,0,0,0,0,0
Sun Jun 07 2026,-0.34753571428571456,-0.45000000000000007,164.59,167,-10.303180212014132,-177.15588235294118,186.94638069705113,14,7.490909090909091,2.783333333333333,1.7999999999999998,0,0,15.855555555555561,0,0,1.8194444444444444,1.096842105263158,0,0,0,0,0,0,0,0,0,0,0,0,0
Sun Jun 07 2026,-0.3178620689655172,-0.33217391304347815,161.5049504950495,163.1818181818182,-14.062989323843418,-173.4703703703704,187.40821917808216,14,7.55,2.75,1.75,0,0,15.898181818181813,0,0,1.852222222222222,1.0854545454545452,0,0,0,0,0,0,0,0,0,0,0,0,0
Sun Jun 07 2026,0.11088135593220333,0.11186440677966104,161.87,165,-15.945674740484417,-175.47142857142853,189.79361702127648,13,7.557142857142857,2.7714285714285714,1.7333333333333334,0,0,16.05849056603774,0,0,1.8194999999999997,1.080434782608696,0,0,0,0,0,0,0,0,0,0,0,0,0
Sun Jun 07 2026,0.8654482758620685,0.726785714285714,165.74747474747474,166.42857142857142,-18.07562724014337,-176.74848484848482,195.48027027027047,13,7.454545454545454,2.7636363636363637,1.7666666666666666,0,0,20.312280701754386,0,0,1.816,1.0813043478260869,0,0,0,0,0,0,0,0,0,0,0,0,0
Sun Jun 07 2026,-1.9752909090909088,-1.6358490566037742,148.03,149.62962962962962,-28.860218978102175,-160.57812500000003,187.097783933518,13,7.366666666666666,2.78,1.7999999999999998,0,0,16.503508771929827,0,0,1.8435000000000001,1.0845454545454545,0,0,0,0,0,0,0,0,0,0,0,0,0
Sun Jun 07 2026,-0.3791071428571427,-0.5045454545454549,128.09,133.07692307692307,-50.253873239436594,-143.2166666666667,190.1172972972972,12,7.425,2.76,1.7333333333333334,0,0,16.750847457627117,0,0,1.879473684210526,1.0645000000000002,0,0,0,0,0,0,0,0,0,0,0,0,0
Sun Jun 07 2026,-1.0520000000000003,-1.0473214285714285,101.11,105.2,-75.48071428571428,-114.3866666666667,187.8439890710382,12,7.409999999999999,2.75,1.8,0,0,16.79642857142857,0,0,1.8294736842105266,1.0844999999999998,0,0,0,0,0,0,0,0,0,0,0,0,0
Sun Jun 07 2026,2.1451724137931034,2.0973684210526313,88.75247524752476,85.41666666666667,-102.13740458015272,-97.51111111111112,204.13487031700288,12,39.375,2.7636363636363637,1.8666666666666665,0,0,16.290909090909093,0,0,1.8329999999999997,1.0990909090909093,0,0,0,0,0,0,0,0,0,0,0,0,0
Sun Jun 07 2026,-0.8044166666666666,-0.8923728813559322,136.46464646464648,138.78787878787878,-126.60658436213988,-148.8694444444444,274.0492625368733,12,92.83157894736844,2.7818181818181817,1.8333333333333333,0,0,16.135185185185183,0,0,1.8539999999999999,1.10875,0,0,0,0,0,0,0,0,0,0,0,0,0
Sun Jun 07 2026,-0.35443103448275876,-0.3278260869565216,117.11,117.87878787878788,-140.9439024390245,-127.93714285714286,268.7473154362415,12,83.64230769230768,2.783333333333333,1.7,0,0,16.063793103448276,0,0,1.838421052631579,1.0947826086956522,0,0,0,0,0,0,0,0,0,0,0,0,0
Sun Jun 07 2026,-0.3373389830508479,-0.023728813559321747,158.68,160.8,-162.26029411764716,-160.47272727272727,330.88175438596505,12,52.339999999999996,2.7399999999999998,1.8333333333333333,0,0,16.05,0,0,1.8299999999999998,1.096818181818182,0,0,0,0,0,0,0,0,0,0,0,0,0
Sun Jun 07 2026,-0.7008333333333334,-0.8817391304347826,111.26,110.52631578947368,-170.32035928143713,-121.97826086956522,292.33775100401596,12,7.65,2.8,1.8,0,0,16.298214285714284,0,0,1.828,1.0735000000000001,0,0,0,0,0,0,0,0,0,0,0,0,0
Sun Jun 07 2026,0.15199999999999983,0.12589285714285706,108.93137254901961,111.11111111111111,-172.78374384236443,-120.45652173913044,292.39222614841003,12,7.576923076923077,2.7666666666666666,1.75,0,0,16.513333333333335,0,0,1.8288888888888895,1.0685714285714287,0,0,0,0,0,0,0,0,0,0,0,0,0
Sun Jun 07 2026,0.20409836065573775,0.2616666666666666,116.75510204081633,117.3913043478261,-166.6979338842975,-127.79642857142856,295.5409090909092,12,7.528571428571427,2.766666666666666,1.7000000000000002,0,0,16.222807017543865,0,0,1.8370000000000002,1.0745,0,0,0,0,0,0,0,0,0,0,0,0,0
Sun Jun 07 2026,-3.0899999999999994,-3.163392857142856,63.885714285714286,75,-152.48669724770645,-82.1388888888889,226.09421221864937,12,7.450000000000001,2.7636363636363637,1.7,0,0,16.621052631578948,0,0,1.7865000000000002,1.0885,0,0,0,0,0,0,0,0,0,0,0,0,0
Sun Jun 07 2026,0.5838813559322034,0.5232758620689657,42.78947368421053,46,-131.21594827586205,-55.79666666666665,186.5165109034268,12,7.43846153846154,2.75,1.8,0,0,16.229824561403507,0,0,1.8423529411764705,1.086818181818182,0,0,0,0,0,0,0,0,0,0,0,0,0
Sun Jun 07 2026,0.027267857142857083,0.23783783783783777,61.85,62.333333333333336,-116.89306122448973,-73.52285714285716,192.1453731343284,12,7.45,2.75,1.7333333333333334,0,0,17.008771929824565,0,0,1.7947368421052632,1.0705,0,0,0,0,0,0,0,0,0,0,0,0,0
Sun Jun 07 2026,-0.7318275862068969,-0.8176991150442483,57.24038461538461,60.588235294117645,-120.36444444444447,-71.32727272727271,189.53213114754098,12,7.470000000000001,2.7777777777777777,1.8,0,0,15.849999999999993,0,0,1.8410526315789475,1.0726086956521739,0,0,0,0,0,0,0,0,0,0,0,0,0
Sun Jun 07 2026,1.6359473684210524,1.4274336283185833,55.510416666666664,59.523809523809526,-117.38181818181819,-69.06774193548387,186.49184952978047,12,7.528571428571429,2.8,1.75,0,0,16.424561403508772,0,0,1.8424999999999998,1.098,0,0,0,0,0,0,0,0,0,0,0,0,0
Sun Jun 07 2026,-0.3822280701754386,-0.13362831858407084,84.51,85,-89.94559999999997,-96.09230769230768,185.7161849710984,12,7.459999999999999,2.8,1.7999999999999998,0,0,15.649999999999997,0,0,1.8921052631578945,1.0766666666666669,0,0,0,0,0,0,0,0,0,0,0,0,0
Sun Jun 07 2026,4.129706896551725,3.049557522123894,91.29292929292929,103.2,-88.23646616541352,-111.49666666666666,196.93342776203954,12,7.585714285714286,2.833333333333333,1.8,0,0,15.914035087719302,0,0,1.825,1.0757894736842104,0,0,0,0,0,0,0,0,0,0,0,0,0
Sun Jun 07 2026,7.743942307692295,11.817307692307711,900.72,1006.4583333333334,-75.90566801619435,-817.18,960.5458083832339,11,7.6692307692307695,2.814285714285714,1.4,0,0,16.083636363636362,0,0,1.8860000000000003,1.0877272727272727,0,649.168243243243,0,0,0,0,0,0,0,0,0,0,0
Sun Jun 07 2026,134.87445762711863,122.96016949152545,160.04950495049505,337.72727272727275,-78.71439999999996,-314.42,411.69413580246896,10.985294117647058,7.672727272727272,2.8499999999999996,1.75,0,0,16.7,0,0,1.8645,1.0915000000000001,0,4.742857142857143,0,0,0,0,0,0,0,0,0,0,0
Sun Jun 07 2026,231.78933333333336,234.23069306930697,-33.686868686868685,0,-106.23076923076921,22.140000000000004,359.1144827586206,11,7.607692307692307,2.8214285714285707,1.8,0,0,16.682456140350872,0,0,1.898333333333333,0.9653846153846153,0,0,0,0,0,0,0,0,0,0,0,0,0
Sun Jun 07 2026,131.24017543859645,135.70619469026553,-33.10891089108911,0,-109.03777777777779,21.85,265.4010489510487,11,7.6,2.7600000000000002,1.8,0,0,15.953448275862073,0,0,1.868421052631579,0,0,0,0,0,0,0,0,0,0,0,0,0,0
Sun Jun 07 2026,457.56513793103454,453.00344827586207,-33.59,0,-118.01917808219179,22.08,643.5634751773049,11,7.6692307692307695,2.836363636363636,1.3499999999999999,0,0,16.387719298245614,0,0,1.8666666666666667,0,0,661.6479166666666,0,0,0,0,0,0,0,0,79.7,0,0
Sun Jun 07 2026,54.2260769230769,61.21747572815533,-33.64646464646464,0,-172.38547486033522,21.9,250.14025423728822,11,7.661538461538461,2.8428571428571425,1.8,0.7413793103448277,0,15.921818181818187,0,0,1.8810000000000002,0,0,3.1730769230769225,0,0,0,0,0,0,0,0,41.650000000000006,0,0
Sun Jun 07 2026,7.73336,8.671000000000003,-32.45544554455446,-25,-205.8569230769229,19.683333333333334,227.51968911917103,12,7.516666666666667,2.8499999999999996,1.7,32.521052631578954,0,15.826785714285718,0,0,1.8240000000000003,0,0,0,0,0,0,0,0,0,0,0,0,0,0
Sun Jun 07 2026,-2.5415294117647056,-2.353,-23.785714285714285,-7.837837837837838,-213.9809090909091,14.10566037735849,200.95483870967746,12,7.3500000000000005,2.7888888888888888,1.825,48.03333333333333,0,15.999999999999998,0,0,1.8611111111111112,0,0,0,0,0,0,0,0,0,0,0,0,0,0
Sun Jun 07 2026,-1.6252037037037033,-2.4953271028037385,-9.525252525252526,6.346153846153846,-196.1244897959184,-3.2499999999999973,205.92337662337664,12,7.466666666666668,2.8000000000000003,1.7666666666666666,39.4,0,16.68983050847458,0,0,1.8510526315789475,0,0,0,0,0,0,0,0,0,0,0,0,0,0
Sun Jun 07 2026,-3.7118541666666656,-2.9612903225806457,-23.6,-3,-207.72826086956522,8.157894736842104,200.81167883211677,12,7.616666666666666,2.7999999999999994,1.75,29.95,0,16.150000000000002,0,0,1.8435,0,0,0,0,0,0,0,0,0,0,0,0,0,0
Sun Jun 07 2026,2.015410714285713,2.0927927927927907,47.85,58,-239.41428571428568,-63.09655172413794,304.5587719298246,13,7.5699999999999985,2.8249999999999997,1.7750000000000001,16.942857142857143,0,15.470689655172418,0,0,1.8405263157894736,0,0,0,0,0,0,0,0,0,0,0,0,0,0
Sun Jun 07 2026,1.3870545454545458,1.2830188679245282,51.71,55.18518518518518,-228.1275,-64.824,296.30500000000006,13,7.67,2.8499999999999996,1.85,35.966666666666676,0,16.13684210526316,0,0,1.8642105263157895,0,0,0,0,0,0,0,0,0,0,0,0,0,0
Sun Jun 07 2026,5.458736842105263,4.953982300884956,119.51,135,-168.44259259259252,-133.46216216216217,305.47162162162147,13,7.711111111111112,2.836363636363636,1.75,43.981818181818184,0,16.307142857142853,0,0,1.8994999999999997,0,0,0,0,0,0,0,0,0,0,0,0,0,0
Sun Jun 07 2026,-5.755999999999999,-5.054838709677418,113.83,243.94736842105263,-115.34385964912282,-126.80243902439025,234.62236024844742,13,7.623076923076923,2.855555555555555,1.4,25.557142857142853,0,15.42857142857143,0,0,1.8524999999999998,0,0,0,0,0,0,0,0,0,0,0,0,0,0
Sun Jun 07 2026,-0.5274821428571429,-0.34107142857142875,99.94,118,-88.59818181818183,-116.78148148148148,203.8992753623188,13,7.590000000000001,2.8099999999999996,1.75,22.5,0,15.705454545454543,0,0,1.8294736842105266,0,0,0,0,0,0,0,0,0,0,0,0,0,0
Sun Jun 07 2026,-0.6464821428571428,-0.6693693693693692,82.49,83.57142857142857,-97.32075471698113,-94.97666666666666,189.76043165467627,13,7.5875,2.8499999999999996,1.75,25.183333333333326,0,16.276785714285715,0,0,1.8650000000000002,0,0,0,0,0,0,0,0,0,0,0,0,0,0
Sun Jun 07 2026,15.871105263157897,15.056140350877193,118.97115384615384,187.89473684210526,-139.86530612244897,-131.38666666666666,277.8198529411765,13,7.42,2.8499999999999996,1.7333333333333334,132.79999999999998,0,16.447368421052637,0,0,1.8445,0,0,0,0,0,0,0,0,0,0,0,0,0,0
Sun Jun 07 2026,-9.315111111111113,-8.406542056074763,263.5625,313.94736842105266,-262.5571428571428,-275.7785714285714,513.9195121951218,13,7.345454545454545,2.78,1.7666666666666666,338.74000000000007,0,15.710909090909086,0,0,1.828,0,0,0,0,0,0,0,0,0,0,0,0,0,0
Sun Jun 07 2026,4.465272727272728,4.248598130841122,267.32,269.6969696969697,-249.90454545454543,-275.83124999999995,542.783870967742,14,7.3500000000000005,2.7818181818181817,1.75,359.9142857142857,0,15.633928571428571,0,0,1.8047368421052632,0,0,0,0,0,0,0,0,0,0,0,0,0,0
Sun Jun 07 2026,2.9931886792452738,6.264150943396228,297.58,664.9019607843137,-231.57407407407408,-325.25,541.4775193798448,14,7.340000000000001,2.766666666666667,1.775,350.9636363636364,0,16.12982456140351,0,0,1.8150000000000002,0,0,0,0,0,0,0,0,0,0,0,0,0,0
Sun Jun 07 2026,11.089087719298243,6.085087719298243,485.67,632,-208.73695652173913,-496.3444444444444,724.9381294964028,14,80.25882352941179,2.7777777777777777,1.75,388.68333333333334,0,16.273584905660375,0,0,1.8335000000000001,0,0,0,0,0,0,0,0,0,0,0,0,0,0
Sun Jun 07 2026,-13.847000000000003,-11.610169491525422,538.24,602.2,-218.2486486486486,-558.2575757575759,767.9379844961238,14,87.12800000000001,2.75,1.725,394.00000000000006,0,15.792857142857144,0,0,1.814,0,0,0,0,0,0,0,0,0,0,0,0,0,0
Sun Jun 07 2026,-0.27493103448275885,-0.40614035087719297,480.75,482.5,-274.42857142857144,-489.9142857142857,761.1152777777778,15,82.0695652173913,2.7750000000000004,1.7000000000000002,410.61666666666673,0,15.471929824561405,0,0,1.8335000000000001,0,0,0,0,0,0,0,0,0,0,0,0,0,0
Sun Jun 07 2026,-5.792641509433961,-7.10190476190476,365.86,358.0952380952381,-280.5925925925926,-372.7136363636364,679.4676470588234,16,28.338461538461534,2.7545454545454544,1.8,415.12,0,16.633928571428573,0,0,1.777,0,0,0,0,0,0,0,0,0,0,0,0,0,0
Sun Jun 07 2026,-3.2027959183673453,-1.878571428571428,266.0095238095238,271.6279069767442,-328.83870967741933,-279.6333333333334,609.6971153846155,17,7.572727272727272,2.769230769230769,1.75,415.0636363636364,0,16.112068965517235,0,0,1.8205000000000002,0,0,0,0,0,0,0,0,0,0,0,0,0,0
Sun Jun 07 2026,6.01353191489362,6.794680851063829,274.42105263157896,285.38461538461536,-319.09999999999997,-288.492,616.4089108910889,18,7.6,2.8499999999999996,1.75,434.73999999999995,0,16.254545454545458,0,0,1.847,0,0,0,0,0,0,0,0,0,0,0,0,0,0
Sun Jun 07 2026,1.7264883720930237,0.42441860465116305,210.47524752475246,214.88372093023256,-373.83214285714297,-215.17272727272731,615.2499999999998,19,7.4624999999999995,2.8374999999999995,1.8199999999999998,428.22222222222223,0,15.881481481481476,0,0,1.813,0,0,0,0,0,0,0,0,0,0,0,0,0,0
Sun Jun 07 2026,-4.12695744680851,-3.3130434782608695,339.4949494949495,330.4166666666667,-292.8833333333333,-331.83846153846156,622.1291666666666,19,7.533333333333333,2.8299999999999996,1.75,440.9333333333334,0,15.770689655172415,0,0,1.8059999999999998,0,0,0,0,0,0,0,0,0,0,0,0,0,0
Sun Jun 07 2026,-13.622591836734696,-15.013265306122442,-79.51,-107.8,-494.58750000000003,91.34871794871793,402.79173553719005,21.21153846153846,7.527272727272728,2.8333333333333326,1.7,123.62000000000002,0,15.953448275862065,0,0,1.8435,0,0,0,0,0,0,0,0,0,0,0,0,0,0
Sun Jun 07 2026,2.87625641025641,3.9397435897435886,-159.69,-154.28571428571428,-346.0733333333334,144.08928571428578,190.84390243902436,23,7.414285714285714,2.7666666666666666,1.8,26.142857142857142,0,15.987499999999997,0,0,1.8245,0,0,0,0,0,0,0,0,0,0,0,0,0,0
Sun Jun 07 2026,8.34549090909091,8.822857142857142,16.3,16.363636363636363,-209.31923076923073,-19.674999999999997,253.67043478260865,23,7.35,2.7636363636363637,1.78,22.36,0,16.05185185185185,0,0,1.7636842105263157,0,0,0,0,0,0,0,0,0,0,0,0,0,0
Sun Jun 07 2026,-0.9864426229508206,-1.2636363636363637,119.03,124.19354838709677,-162.89361702127658,-132.54166666666663,297.7249999999999,24,7.457142857142856,2.7555555555555555,1.7,45.46249999999999,0,16.275862068965516,0,0,1.7889473684210524,0,0,0,0,0,0,0,0,0,0,0,0,0,0
Sun Jun 07 2026,-1.1929298245614033,-1.278899082568808,29.43,35.88235294117647,-248.06363636363633,-44.088235294117645,298.22941176470584,24,7.5,2.8666666666666667,1.825,18.633333333333336,0,15.570370370370373,0,0,1.8573684210526311,0,0,0,0,0,0,0,0,0,0,0,0,0,0
Sun Jun 07 2026,-1.5042363636363643,-1.283333333333333,53.01,58.07692307692308,-238.37142857142857,-68.85172413793101,295.7132653061225,24,7.56,2.75,1.75,36.99090909090909,0,16.111864406779656,0,0,1.8239999999999998,0,0,0,0,0,0,0,0,0,0,0,0,0,0
Sun Jun 07 2026,-10.762822222222221,-11.586516853932586,-172.84,-192.89473684210526,-391.73103448275856,168.74242424242425,197.12314814814818,25.517441860465116,7.5,2.78,1.7666666666666666,48.783333333333324,0,15.97321428571429,0,0,1.7935000000000003,0,0,0,0,0,0,0,0,0,0,0,0,0,0
Sun Jun 07 2026,1.734973684210526,2.810666666666668,-127.02,-121.17647058823529,-314.8142857142857,111.02812499999999,199.75833333333327,27,7.5200000000000005,2.783333333333333,1.8,23.759999999999998,0,15.991525423728811,0,0,1.8436842105263158,0,0,0,0,0,0,0,0,0,0,0,0,0,0
Sun Jun 07 2026,-8.201644444444444,-9.925842696629212,-215.19,-233.07692307692307,-443.14,209.9029411764706,194.5355769230769,28,7.644444444444444,2.8333333333333326,1.7,23.2,0,16.244642857142857,0,0,1.8425,0,0,0,0,0,0,0,0,0,0,0,0,0,0
Sun Jun 07 2026,-12.019673076923075,-11.822330097087379,-480.78,-862.542372881356,-686.8340909090911,491.23142857142875,203.32595419847328,30.576271186440678,7.5625,2.8499999999999996,1.725,21.3,0,15.840000000000005,0,0,1.8463157894736848,0,0,0,0,0,0,0,0,0,0,0,0,0,0
Sun Jun 07 2026,24.341608695652177,21.52967032967033,-426.03809523809525,-456.5853658536585,-635.9428571428571,444.4000000000001,240.23663366336635,33.59574468085106,7.585714285714286,2.826666666666666,1.75,36.6875,0,15.620689655172415,0,0,1.8299999999999998,0,0,0,0,0,0,0,0,0,0,0,0,0,0
Sun Jun 07 2026,7.604236842105263,6.479999999999998,-268.09473684210525,-265.2631578947368,-447.29499999999996,256.49130434782614,195.08765432098758,35.544,7.542857142857143,2.855555555555555,1.7666666666666666,31.549999999999997,0,15.67966101694915,0,0,1.8099999999999998,0,0,0,0,0,0,0,0,0,0,0,0,0,0
Sun Jun 07 2026,0.8751842105263159,0.8931506849315068,-204.99,-205,-405.15625,191.26774193548388,195.0952941176471,37,7.333333333333333,2.814285714285714,1.7333333333333334,26.28,0,15.932203389830509,0,0,1.827,0,0,0,0,0,0,0,0,0,0,0,0,0,0
Sun Jun 07 2026,4.231814814814807,5.5833333333333295,62.29,91.7948717948718,-246.1,-79.31428571428572,369.05652173913023,38,7.388888888888889,2.75,1.7666666666666666,36.300000000000004,0,16.029824561403508,0,0,1.8627777777777779,0,0,0,0,0,0,0,0,0,0,0,0,0,0
Sun Jun 07 2026,-0.6735000000000002,-0.6924528301886789,-10.707070707070708,-0.7317073170731707,-329.3833333333333,-2.6657894736842107,323.73245614035073,39,7.466666666666667,2.8099999999999996,1.7,26.98571428571429,0,15.485964912280705,0,0,1.8968421052631574,0,0,0,0,0,0,0,0,0,0,0,0,0,0
Sun Jun 07 2026,-29.57256363636364,-27.830000000000002,-172.39,-241,-558.6512820512821,155.0333333333333,320.17499999999995,40.83673469387755,7.788888888888888,2.8499999999999996,1.8,41.912499999999994,0,15.696551724137933,0,0,1.8838888888888894,0,0,0,0,0,0,0,0,0,0,0,0,0,0
Sun Jun 07 2026,40.16156,37.135,-405.17,-906,-663.3690476190477,402.30256410256413,302.2633587786259,44.30534351145038,7.733333333333333,2.855555555555555,1.7,22.366666666666664,0,15.642592592592594,0,0,1.8459999999999996,0,0,0,0,0,0,0,0,0,0,0,0,0,0
Sun Jun 07 2026,-9.324395348837214,-4.796511627906975,-192.75,-207.4418604651163,-441.2379310344828,193.4189189189189,210.80000000000015,46,7.6499999999999995,2.8499999999999996,1.75,41.17142857142857,0,15.935714285714287,0,0,1.8553333333333337,0,0,0,0,0,0,0,0,0,0,0,0,0,0
Sun Jun 07 2026,-43.46710638297873,-43.39139784946237,-465.67,-934.6428571428571,-725.4648648648648,455.19999999999993,217.55087719298243,48.486486486486484,7.644444444444444,2.849999999999999,1.75,32.48181818181818,0,16.074545454545454,0,0,1.8547368421052632,0,0,0,0,0,0,0,0,0,0,0,0,0,0
Sun Jun 07 2026,-13.940790697674407,-13.45697674418604,-486.72,-1954.3181818181818,-768.2823529411763,478.18333333333334,296.5638554216868,52.5045045045045,7.683333333333334,2.8416666666666663,1.5166666666666666,23.185714285714287,0,15.9875,0,0,1.876,0,0,0,0,0,0,0,0,0,0,0,0,0,0
Sun Jun 07 2026,-34.92708571428572,-40.23000000000001,-595.4,-2316.060606060606,-822.3652173913046,593.4636363636363,229.73333333333326,56,7.616666666666666,2.8499999999999996,1.8,34.31666666666667,0,15.874999999999995,0,0,1.831,0,0,0,0,0,0,0,0,0,0,0,0,0,0
Sun Jun 07 2026,40.33120000000001,39.852,-752.02,-1753.4615384615386,-931.757142857143,733.0666666666666,240.8236842105263,59.5,7.677777777777777,2.846153846153846,1.75,42.82,0,16.46428571428571,0,0,1.8684999999999998,0,0,0,0,0,0,0,0,0,0,0,0,0,0
Sun Jun 07 2026,11.775045454545454,12.570454545454549,-792.6,-1142.6190476190477,-980.7571428571428,775.5,227.26000000000002,63.4954954954955,7.655555555555556,2.8874999999999997,1.8,23.7,0,15.833333333333336,0,0,1.8478947368421053,0,0,0,0,0,0,0,0,0,0,0,0,0,0
Sun Jun 07 2026,13.648173913043479,14.982608695652177,-750.0097087378641,-786.5,-1000.9399999999999,712.1625,288.5361111111111,67.01162790697674,7.639999999999999,2.8499999999999996,1.72,18.93333333333333,0,15.974576271186438,0,0,1.859,0,0,0,0,0,0,0,0,0,0,0,0,0,0
Sun Jun 07 2026,6.268799999999999,5.8279999999999985,-676.5,-667.7777777777778,-981.0199999999999,657.4909090909091,337.30731707317074,70,7.623076923076923,2.845454545454545,1.725,17.41111111111111,0,15.532692307692308,0,0,1.8547368421052632,0,0,0,0,0,0,0,0,0,0,0,0,0,0
Sun Jun 07 2026,-9.855576923076923,-6.554901960784313,-694.41,-707.6190476190476,-1015.8333333333334,649.6299999999999,331.8357142857144,73.48672566371681,7.622222222222224,2.809090909090909,1.8,14.036363636363633,0,15.908771929824558,0,0,1.8589473684210522,0,0,0,0,0,0,0,0,0,0,0,0,0,0
Sun Jun 07 2026,-10.363523809523807,-8.609523809523804,-606.54,-1015.5555555555555,-922.6193548387096,577.4535714285714,350.78316831683173,77.48214285714286,7.6000000000000005,2.8299999999999996,1.8,0.752,0,15.628571428571428,0,0,1.8816666666666666,0,0,0,0,0,0,0,0,0,0,0,0,0,0
Sun Jun 07 2026,48.59484444444441,47.164444444444435,-543,-1096.111111111111,-711.7047619047619,546.3285714285714,259.5286956521739,80.9438202247191,7.450000000000002,2.8499999999999996,1.72,0.6642857142857143,0,15.788679245283017,0,0,1.8719999999999999,0,0,0,0,0,0,0,0,0,0,0,0,0,0
Sun Jun 07 2026,14.964140350877194,10.488596491228071,-695.76,-1462.1818181818182,-872.692857142857,719.629268292683,361.5235714285715,84.72307692307692,7.292857142857143,2.8249999999999997,1.7799999999999998,0,0,15.587931034482757,0,0,1.8357894736842106,0,0,0,0,0,0,0,0,0,0,0,0,0,0
Sun Jun 07 2026,26.04284444444443,32.765555555555544,-339.3,-388.93617021276594,-639.704,347.78888888888895,314.6820754716982,87,56.459999999999994,2.8000000000000003,1.8666666666666665,0,0,15.767241379310345,0,0,1.8555,0,0,0,0,0,0,0,0,0,0,0,0,0,0
Sun Jun 07 2026,-19.59636,-20.027,-379.46,-419.0566037735849,-678.4976190476191,334.81111111111113,312.71484375,88.83495145631068,89.21739130434783,2.8499999999999996,1.8333333333333333,0,0,16.13389830508475,0,0,1.8360000000000003,0,0,0,0,0,0,0,0,0,0,0,0,0,0
Sun Jun 07 2026,-56.35297368421052,-57.390789473684194,-629.53,-1586.7307692307693,-948.534375,612.4142857142857,267.9272727272728,92.5,81.05199999999999,2.854545454545454,1.7,0,0,15.732758620689655,0,0,1.8421052631578947,0,0,0,0,0,0,0,0,0,0,0,0,0,0
Sun Jun 07 2026,-53.820109090909106,-52.569724770642196,-71.78571428571429,-2388.181818181818,-361.31842105263166,10.372222222222227,183.20000000000002,94.01149425287356,22.96428571428571,2.8499999999999996,1.7999999999999998,0,0,15.709259259259257,0,0,1.8575,0,0,0,0,0,0,0,0,0,0,0,0,0,0
Sun Jun 07 2026,-49.837305084745786,-51.80508474576271,0.23863636363636365,-2392,-224.9731707317073,-19.779411764705884,165.37537313432836,94,7.86153846153846,2.957142857142857,1.8333333333333333,0,0,15.46851851851852,0,0,1.9005263157894732,0,0,0,0,0,0,0,0,0,0,0,0,0,0
Sun Jun 07 2026,-63.7397142857143,-61.823214285714286,2.38,-2393.3333333333335,-238.16000000000008,-21.35,156.74741379310345,94,7.83,2.8777777777777778,1.7999999999999998,0,0,15.978947368421048,0,0,1.9068421052631577,0,0,0,0,0,0,0,0,0,0,0,0,0,0
Sun Jun 07 2026,-56.10583333333333,-56.675000000000004,0.7647058823529411,-2400,-233.4829268292683,-23.083333333333332,161.95420560747667,94,7.66,2.8666666666666663,1.7,0,0,16.084482758620688,0,0,1.8605000000000005,0,0,0,0,0,0,0,0,0,0,0,0,0,0
Sun Jun 07 2026,-53.88954545454545,-54.16972477064219,0.24074074074074073,-2392,-227.2783783783783,-19.816666666666666,152.08256880733947,94,7.471428571428571,2.8,1.75,0,0,16.016071428571433,0,0,1.8200000000000003,0,0,0,0,0,0,0,0,0,0,0,0,0,0
Sun Jun 07 2026,-44.01237735849055,-44.4801886792453,0,-2400,-223.61578947368426,-15.699999999999998,157.65411764705885,94,7.516666666666667,2.766666666666666,1.7999999999999998,0,0,15.58305084745763,0,0,1.8350000000000002,0,0,0,0,0,0,0,0,0,0,0,0,0,0
Sun Jun 07 2026,-38.38617857142857,-37.15909090909091,3.1030927835051547,-2329.5238095238096,-301.4628571428571,-22.758333333333336,243.56929824561416,94,7.666666666666667,2.854545454545454,1.4,0,0,16.21754385964912,0,0,1.8894999999999995,0,0,0,0,0,0,0,0,0,0,0,0,0,0
Sun Jun 07 2026,-45.36143859649122,-46.27719298245615,1.8235294117647058,-2393.6666666666665,-308.67777777777775,-22.238095238095237,246.4993055555555,94,7.883333333333334,2.946153846153846,1.8,0,0,15.935714285714287,0,0,1.954736842105263,0,0,0,0,0,0,0,0,0,0,0,0,0,0
Sun Jun 07 2026,-41.72240350877193,-43.6368421052632,5.22680412371134,-2385.3125,-317.05526315789473,-23.254285714285714,248.1084615384615,94,7.859999999999998,2.9,1.75,0,0,16.06140350877193,0,0,1.9465000000000003,0,0,0,0,0,0,0,0,0,0,0,0,0,0
Sun Jun 07 2026,-59.505181818181796,-57.74545454545453,1.8660714285714286,-2395.3846153846152,-334.1162162162162,-21.37666666666667,249.8991803278688,94,7.7666666666666675,2.8499999999999996,1.75,0,0,16.303508771929828,0,0,1.8895,0,0,0,0,0,0,0,0,0,0,0,0,0,0
Sun Jun 07 2026,-72.03735714285713,-72.19099099099098,2.6666666666666665,-2375,-276.68837209302325,-25.24705882352941,192.19568965517246,94,7.687500000000001,2.825,1.8,0,0,15.822222222222225,0,0,1.8685000000000003,0,0,0,0,0,0,0,0,0,0,0,0,0,0
Sun Jun 07 2026,-41.96688461538462,-43.71826923076923,0.07167235494880546,-2400,-215.1529411764706,-16.663636363636364,152.1907407407408,94,7.57,2.8,1.75,0,0,16.247272727272726,0,0,1.8678947368421053,0,0,0,0,0,0,0,0,0,0,0,0,0,0
Sun Jun 07 2026,-42.13769811320755,-40.56601941747573,0,-2400,-220.22352941176473,-16.845454545454547,156.4408163265306,94,7.742857142857142,2.833333333333333,1.7,0,0,16.16034482758621,0,0,1.859,0,0,0,0,0,0,0,0,0,0,0,0,0,0
Sun Jun 07 2026,-65.99383636363636,-65.95229357798165,0,-2400,-233.41951219512202,-17.333333333333332,154.3943925233645,94,7.8500000000000005,2.8333333333333335,1.7666666666666666,0,0,15.740350877192983,0,0,1.9347368421052626,0,0,0,0,0,0,0,0,0,0,0,0,0,0
Sun Jun 07 2026,-71.53344444444446,-71.56018518518518,0.07924528301886792,-2395,-244.66666666666674,-17.32307692307692,159.26605504587158,94,7.728571428571428,2.8499999999999996,1.75,0,0,15.499999999999998,0,0,1.892105263157895,0,0,0,0,0,0,0,0,0,0,0,0,0,0
Sun Jun 07 2026,-63.82063636363637,-64.18909090909091,0,-2400,-232.69302325581398,-17.61818181818182,149.4018348623853,94,7.6571428571428575,2.836363636363636,1.9,0,0,15.785454545454547,0,0,1.843,0,0,0,0,0,0,0,0,0,0,0,0,0,0
Sun Jun 07 2026,-52.05848148148148,-54.00747663551403,3.5833333333333335,-2365.5555555555557,-256.8568181818182,-19.37142857142857,183.91428571428557,94,7.885714285714285,2.8909090909090907,1.45,0,0,15.540350877192978,0,0,1.9255000000000002,0,0,0,0,0,0,0,0,0,0,0,0,0,0
Sun Jun 07 2026,-59.64101818181819,-58.66363636363636,2.5392156862745097,-2393.684210526316,-335.02500000000003,-20.729032258064525,251.39000000000004,94,7.933333333333334,2.907692307692307,1.75,0,0,15.566071428571428,0,0,1.9583333333333333,0,0,0,0,0,0,0,0,0,0,0,0,0,0
Sun Jun 07 2026,-48,-46.75636363636364,4.617647058823529,-2387.8571428571427,-312.34324324324325,-24.16296296296296,243.32941176470572,94,7.69,2.8374999999999995,1.775,0,0,15.485964912280707,0,0,1.907058823529412,0,0,0,0,0,0,0,0,0,0,0,0,0,0
Sun Jun 07 2026,-48.6365,-49.76,5.36734693877551,-2385.2,-328.1236842105263,-24.81851851851852,252.84634146341466,94,7.5181818181818185,2.8666666666666667,1.75,0,0,15.595,0,0,1.873,0,0,0,0,0,0,0,0,0,0,0,0,0,0
Sun Jun 07 2026,-70.22731578947368,-69.1283185840708,1.3529411764705883,-2388,-261.245,-19.37142857142857,170.8468468468469,94,7.590000000000001,2.8499999999999996,1.8333333333333333,0,0,15.34821428571428,0,0,1.8660000000000003,0,0,0,0,0,0,0,0,0,0,0,0,0,0
Sun Jun 07 2026,-79.86459649122808,-79.11842105263156,0.6142857142857143,-2391.6666666666665,-248.25000000000003,-20.23157894736842,145.85573770491806,94,8.014285714285714,2.9285714285714284,1.75,0,0,15.664814814814815,0,0,1.9489473684210523,0,0,0,0,0,0,0,0,0,0,0,0,0,0
Sun Jun 07 2026,-57.125431034482745,-59.06666666666666,0.09859154929577464,-2400,-231.05945945945948,-18.044444444444444,154.8067961165048,94,7.771428571428571,2.8699999999999997,1.7000000000000002,0,0,15.609090909090908,0,0,1.8840000000000003,0,0,0,0,0,0,0,0,0,0,0,0,0,0
Sun Jun 07 2026,-61.41134545454547,-61.643636363636354,0,-2400,-231.70238095238096,-16.576923076923077,151.69636363636366,94,7.876923076923077,2.8666666666666663,1.7600000000000002,0,0,15.748148148148148,0,0,1.9095000000000002,0,0,0,0,0,0,0,0,0,0,0,0,0,0
Sun Jun 07 2026,-81.25344827586208,-81.1241379310345,0.4666666666666667,-2390,-263.29767441860463,-18.733333333333334,164.21344537815125,94,7.916666666666667,2.8874999999999997,1.7999999999999998,0,0,15.276363636363634,0,0,1.9519999999999995,0,0,0,0,0,0,0,0,0,0,0,0,0,0
Sun Jun 07 2026,-73.42770175438596,-72.6798245614035,0.2916666666666667,-2392.5,-248.393023255814,-19.275,160.14051724137929,94,7.942857142857142,2.9181818181818175,1.775,0,0,15.72909090909091,0,0,1.9538888888888886,0,0,0,0,0,0,0,0,0,0,0,0,0,0
Sun Jun 07 2026,-67.57815517241379,-68.12155172413797,1.65,-2391.6666666666665,-232.41136363636357,-21.573684210526316,150.20578512396693,94,7.883333333333333,2.9,1.75,0,0,15.678571428571427,0,0,1.9224999999999999,0,0,0,0,0,0,0,0,0,0,0,0,0,0
Sun Jun 07 2026,-55.88170689655174,-55.873275862068965,5.204081632653061,-2382.7586206896553,-335.713953488372,-23.843749999999996,248.38270676691724,94,7.8875,2.8499999999999996,1.75,0,0,15.54736842105263,0,0,1.918421052631579,0,0,0,0,0,0,0,0,0,0,0,0,0,0
Sun Jun 07 2026,-42.51530357142858,-43.11071428571428,0.3610648918469218,-2377.777777777778,-314.42105263157896,-19.252000000000002,252.13559322033893,94,7.775,2.86,1.8,0,0,15.96101694915254,0,0,1.8739999999999999,0,0,0,0,0,0,0,0,0,0,0,0,0,0
Sun Jun 07 2026,-32.01195918367347,-32.10421052631578,0,-2400,-303.4857142857143,-15.757142857142854,258.0942028985507,94,7.75,2.8499999999999996,1.7333333333333334,0,0,15.429310344827586,0,0,1.8636842105263156,0,0,0,0,0,0,0,0,0,0,0,0,0,0
Sun Jun 07 2026,-62.8717818181818,-62.14727272727271,0,-2400,-239.95000000000005,-16,164.1659793814433,94,7.723076923076923,2.854545454545454,1.8,0,0,15.633928571428578,0,0,1.8770000000000002,0,0,0,0,0,0,0,0,0,0,0,0,0,0
Sun Jun 07 2026,-63.92139285714287,-63.64464285714288,0,-2400,-233.1711111111111,-15.855555555555558,147.15636363636366,94,7.733333333333333,2.844444444444444,1.8666666666666665,0,0,15.632142857142853,0,0,1.887894736842105,0,0,0,0,0,0,0,0,0,0,0,0,0,0
Sun Jun 07 2026,-51.69128571428571,-52.09729729729729,0,-2400,-224.6205882352941,-15.700000000000003,154.02699999999996,94,7.722222222222222,2.8571428571428568,1.7249999999999999,0,0,16.00508474576271,0,0,1.8599999999999999,0,0,0,0,0,0,0,0,0,0,0,0,0,0
Sun Jun 07 2026,-57.70125454545455,-57.38090909090909,0,-2400,-229.1560975609756,-17.58571428571429,153.15825242718444,94,7.574999999999999,2.8249999999999997,1.6666666666666667,0,0,15.786792452830188,0,0,1.8689473684210525,0,0,0,0,0,0,0,0,0,0,0,0,0,0
Sun Jun 07 2026,-60.739090909090876,-60.78623853211009,0.1680327868852459,-2395,-234.33500000000004,-17.81818181818182,151.66037735849054,94,7.611111111111111,2.8624999999999994,1.7333333333333334,0,0,15.760000000000003,0,0,1.8985000000000003,0,0,0,0,0,0,0,0,0,0,0,0,0,0
Sun Jun 07 2026,-69.5929636363636,-69.80825688073392,0,-2400,-236.33636363636361,-15.918181818181818,146.06090909090912,94,7.675,2.8571428571428568,1.8333333333333333,0,0,15.944444444444443,0,0,1.9047368421052635,0,0,0,0,0,0,0,0,0,0,0,0,0,0
Sun Jun 07 2026,-59.92933333333331,-59.8962962962963,0.3382352941176471,-2395,-229.0395348837209,-18.34375,150.41238938053107,94,7.655555555555556,2.844444444444444,1.8,0,0,16.063793103448276,0,0,1.9395000000000002,0,0,0,0,0,0,0,0,0,0,0,0,0,0
Sun Jun 07 2026,-27.4099375,-28.47368421052633,3.1176470588235294,-2244.5454545454545,-380.6032258064517,-26.200000000000003,323.9831683168316,94,87.06111111111112,2.8777777777777778,1.8,0,0,15.920000000000002,0,0,1.9199999999999997,0,0,0,0,0,0,0,0,0,0,0,0,0,0
Sun Jun 07 2026,-61.67235416666668,-61.41354166666667,0,-2395,-418.86428571428587,-18.474999999999998,334.5754901960783,94,86.68,2.844444444444444,1.7750000000000001,0,0,15.928571428571429,0,0,1.9300000000000002,0,0,0,0,0,0,0,0,0,0,0,0,0,0
Sun Jun 07 2026,117.47181250000001,80.67916666666667,75.0204081632653,-1840,-352.26842105263165,-58.73529411764706,436.9764705882352,94,71.34761904761906,2.849999999999999,1.42,0,0,16.21379310344828,0,0,1.8805,0,0,632.9823529411765,0,0,0,0,0,0,0,0,0,0,0
Sun Jun 07 2026,-8.276137931034482,21.690517241379304,344.34234234234236,943.75,-217.53061224489795,-405.347619047619,556.0140939597316,94,7.908333333333334,2.8249999999999997,1.7249999999999999,0,0,15.687499999999995,0,0,1.911111111111111,0,0,513.0201183431953,0,0,0,0,0,0,0,0,0,0,0
Sun Jun 07 2026,-35.5421525423729,-35.610344827586204,1.983695652173913,205.3448275862069,-243.3147058823529,-37.04444444444445,215.97572815533985,94.06928213689483,7.9300000000000015,2.858333333333333,1.7333333333333334,0,0,15.827777777777781,0,0,1.9089473684210527,0,0,2.652419354838708,0,0,0,0,0,0,0,0,0,0,0
Sun Jun 07 2026,-66.41003921568628,-66.2950980392157,0.7666666666666667,-1197.0689655172414,-269.7822222222223,-16.166666666666668,184.4398148148148,94,7.9,2.8666666666666663,1.7666666666666666,0,0,16.1875,0,0,1.9422222222222219,0,0,2.6529801324503306,0,0,0,0,0,0,0,0,0,0,0
Sun Jun 07 2026,-75.84527586206896,-75.06034482758622,0.3717277486910995,-2290.769230769231,-263.8489361702128,-21.77142857142857,172.40982142857146,94,7.814285714285715,2.854545454545454,1.7333333333333334,0,0,15.796363636363637,0,0,1.8694444444444445,0,0,2.65121951219512,0,0,0,0,0,0,0,0,0,0,0
Sun Jun 07 2026,-64.56766101694915,-65.0153846153846,0,-2400,-250.88723404255325,-15.855555555555554,172.8469565217391,94,7.7555555555555555,2.8499999999999996,1.7000000000000002,0,0,15.57962962962963,0,0,1.9015789473684208,0,0,2.7504950495049463,0,0,0,0,0,0,0,0,0,0,0
Sun Jun 07 2026,16.35877142857143,13.014285714285712,30.654761904761905,-1674.6875,-305.3529411764706,-47.595652173913045,340.7066666666666,94,7.709090909090909,2.8499999999999996,1.8,226.53076923076924,0,16.214999999999996,0,0,1.8670000000000002,0,0,0,0,0,0,0,0,0,0,0,0,0,0
Sun Jun 07 2026,-11.427033333333334,-10.779661016949152,1.1370967741935485,-1432.8125,-515.4599999999999,-23.478947368421053,481.70677966101704,94,7.7,2.86,1.85,337.21666666666664,0,15.572413793103445,0,0,1.8873684210526316,0,0,0,0,0,0,0,0,0,0,0,0,0,0
Sun Jun 07 2026,-10.360388888888888,-7.695833333333334,9.220779220779221,-1677.142857142857,-650.446153846154,-29.14814814814815,572.7763157894738,94,7.736363636363635,2.8749999999999996,1.325,335.075,0,15.850877192982454,0,0,1.8863157894736844,0,0,0,0,0,0,0,0,0,0,0,0,0,0
Sun Jun 07 2026,-4.4682926829268315,-7.159756097560969,15.585858585858587,-1910.2,-640.5647058823531,-37.40800000000001,590.1550000000001,94,7.833333333333333,2.9,1.7,361.38,0,15.596551724137932,0,0,1.903,0,0,0,0,0,0,0,0,0,0,0,0,0,0
Sun Jun 07 2026,17.998810810810813,17.639189189189196,18.92079207920792,-1390.8823529411766,-680.0076923076923,-34.91764705882353,662.4630952380949,94,7.7749999999999995,2.846153846153846,119.10399999999998,369.6000000000001,0,15.287272727272729,0,0,1.8634999999999997,0,0,0,0,0,0,0,0,0,0,0,0,0,0
Sun Jun 07 2026,21.779026315789476,21.94473684210527,21.669642857142858,-765.3846153846154,-764.86,-39.38717948717949,762.1229885057472,94,7.7875,2.8571428571428568,124.24782608695658,363.06,0,15.580701754385963,0,0,1.8900000000000001,0,0,0,0,0,0,0,0,0,0,0,0,0,0
Sun Jun 07 2026,-5.360388888888892,-1.8197183098591543,64.32183908045977,-475.88235294117646,-662.0266666666666,-83.8,625.1423529411765,94,7.857142857142857,2.86,125.00697674418603,388.84000000000003,0,15.779661016949149,0,0,1.8922222222222222,0,0,0,0,0,0,0,0,0,0,0,0,0,0
Sun Jun 07 2026,21.30924074074074,19.406481481481478,279.8888888888889,-117.25490196078431,-479.66285714285704,-292.6238095238095,508.7305343511449,94,7.828571428571428,2.86,124.9913043478261,393.55454545454546,0,15.401818181818184,0,0,1.8995000000000004,0,0,0,0,0,0,0,0,0,0,0,0,0,0
Sun Jun 07 2026,2.1042666666666667,1.4716666666666667,366.28,428.2352941176471,-401.4222222222222,-372.4043478260869,772.5347826086957,95,7.869999999999999,2.8499999999999996,126.85675675675678,403.86,0,15.572727272727272,0,0,1.8989473684210525,0,0,0,0,0,0,0,0,0,0,0,0,0,0
Sun Jun 07 2026,-5.234232142857146,-5.39107142857143,229.36,275.88235294117646,-159.78,-233.81739130434784,393.5991935483873,95,7.825,2.869230769230769,122.61499999999998,39.720000000000006,0,15.896363636363638,0,0,1.9152631578947366,0,0,0,0,0,0,0,0,0,0,0,81.85,0,0
Sun Jun 07 2026,0.24723076923076934,0.2451923076923075,237.35643564356437,287.3529411764706,-181.20434782608694,-240.95000000000002,412.4292929292931,95,7.858333333333334,2.8571428571428568,127.27777777777776,0,0,15.77241379310345,0,0,1.9222222222222223,0,0,0,0,0,0,0,0,0,0,0,58.416666666666664,0,0
Sun Jun 07 2026,-2.022155172413793,-1.128695652173911,242.32323232323233,338.75,-123.72812499999999,-259.6,377.5532258064516,95,7.9,2.8499999999999996,130.202,0,0,15.53508771929824,0,0,1.9200000000000006,0,0,0,0,0,0,0,0,0,0,0,0,0,0
Sun Jun 07 2026,5.424245614035088,3.6292035398230094,261.48,319.75,-106.87272727272727,-271.0222222222222,379.533108108108,95,7.815384615384615,2.8454545454545452,130.1470588235294,0,0,15.77192982456141,0,0,1.9010526315789475,0,0,0,0,0,0,0,0,0,0,0,0,0,0
Sun Jun 07 2026,-1.6087777777777779,0.31962616822429923,326.08,397.02127659574467,-140.37435897435898,-336.8487804878049,484.2768656716419,94.96296296296296,7.600000000000001,2.855555555555555,133.194,0,0,15.729310344827582,0,0,1.898947368421053,0,0,0,0,0,0,0,0,0,0,0,0,0,0
Sun Jun 07 2026,2.8264754098360663,2.3249999999999997,151.35,433.84615384615387,-319.66,-156.64130434782606,476.963779527559,95,7.728571428571429,2.8499999999999996,130.62444444444444,0,0,15.838888888888887,0,0,1.9055000000000004,0,0,0,0,0,0,0,0,0,0,0,0,0,0
Sun Jun 07 2026,2.610984126984127,2.563492063492064,121.53,488.46153846153845,-342.34,-130.4847826086957,475.3324561403509,95,7.678571428571429,2.8499999999999996,134.21951219512195,0,0,15.75,0,0,1.9105263157894736,0,0,0,0,0,0,0,0,0,0,0,0,0,0
Sun Jun 07 2026,4.2582499999999985,3.8723214285714276,174.04,424.72222222222223,-217.48484848484847,-174.91463414634146,408.6630769230769,94.54929577464789,7.671428571428572,2.7777777777777777,131.68958333333333,0,0,15.899999999999999,0,0,1.8415789473684212,5.23,0,0,0,0,0,0,0,0,0,0,0,0,0
Sun Jun 07 2026,-0.47474545454545447,-0.21545454545454476,210.14,298.3333333333333,-188.6722222222223,-220.9815789473684,410.4891891891889,94.46774193548387,7.67,2.776923076923077,132.9020833333333,0,0,15.939285714285715,0,0,1.8561111111111108,37.87347826086957,0,0,0,0,0,0,0,0,0,0,0,0,0
Sun Jun 07 2026,0.26916666666666655,0.7861111111111106,244.68,317.6,-161.48064516129037,-257.2472222222222,424.5355371900825,94.20930232558139,7.5200000000000005,14.569491525423727,128.90689655172417,0,0,16.07719298245614,0,0,1.7866666666666664,37.24619047619047,0,0,0,0,0,0,0,0,0,0,0,0,0
Sun Jun 07 2026,163.0118793103448,151.121551724138,656.01,1389.4117647058824,-178.1093023255814,-698.7795454545455,1019.6441379310345,94.02114164904863,7.579999999999999,2.761870503597122,125.14210526315789,0,0,16.032727272727275,0,0,1.8178947368421052,37.099,0,571.3596774193549,0,0,0,0,0,0,0,0,0,151.35,0
Sun Jun 07 2026,134.50223333333335,145.0508333333333,397.61,1194.6296296296296,-143.4150943396226,-397.0516666666666,686.9757225433524,94,7.56,2.7745901639344264,126.56538461538463,0,0,16.275,0,0,1.862222222222222,37.0305,0,332.6381578947356,0,0,0,0,0,0,0,0,0,29.4,6.966666666666666
Sun Jun 07 2026,-34.68683870967743,-34.3540322580645,183.28,157.40740740740742,-250.7617021276596,-199.784,382.47562500000015,94,7.750000000000002,2.8503225806451615,133.39302325581394,0,0,15.950877192982457,0,0,1.8805555555555553,36.56958333333334,0,2.649999999999999,0,0,0,0,0,0,0,0,0,0,0
Sun Jun 07 2026,11.593037735849055,7.740952380952382,211.74,-197.70833333333334,-169.13170731707316,-219.75428571428571,270.9496124031007,94,7.618181818181819,2.7969230769230777,135.4325,0,0,15.488461538461538,0,0,1.861,36.22714285714285,0,2.647540983606555,0,0,0,0,0,0,0,0,0,0,0
Sun Jun 07 2026,4.2717719298245616,7.561403508771923,208.67,224.75,-252.5444444444445,-202.5157894736842,474.47704918032775,95,7.63076923076923,2.789147286821706,133.9204081632653,0,0,15.924137931034481,0,0,1.8615,36.8352380952381,0,2.6492063492063473,0,0,0,0,0,0,0,0,0,0,0
Sun Jun 07 2026,7.639482758620689,8.80695652173913,216.51,323.8095238095238,-286.24545454545455,-223.1810810810811,518.1495726495727,94,7.470000000000001,2.755084745762712,136.53404255319143,0,0,16.02758620689655,0,0,1.8010000000000002,36.35619047619048,0,2.7468085106382976,0,0,0,0,0,0,0,0,0,0,0
Sun Jun 07 2026,-6.138981481481483,-7.071296296296294,315.77777777777777,405.6862745098039,-190.55588235294118,-314.31463414634146,493.9736434108526,94,7.544444444444445,2.7582191780821907,136.64255319148938,0,0,15.982142857142856,0,0,1.8541176470588234,36.79190476190475,0,0,0,0,0,0,0,0,0,0,0,0,0
Sun Jun 07 2026,-6.5266393442622945,-6.514876033057853,167.31,300.85714285714283,-283.7230769230769,-179.09512195121948,493.46347826086964,95,7.630769230769231,2.8119658119658135,132.8235294117647,0,0,15.584745762711865,0,0,1.8463157894736841,36.79238095238095,0,0,0,0,0,0,0,0,0,0,0,0,0
Sun Jun 07 2026,-3.473694915254239,-3.233333333333332,63.56,90.76923076923077,-328.4862068965518,-84.07249999999998,406.9796875,94,7.533333333333332,2.7849557522123902,129.98157894736846,0,0,15.494736842105265,0,0,1.8178947368421052,36.77434782608695,0,0,0,0,0,0,0,0,0,0,0,0,0
Sun Jun 07 2026,0.037056603773584676,-0.04095238095238116,143.9811320754717,145.26315789473685,-251.3333333333333,-152.94347826086957,403.8944444444444,95,7.249999999999999,2.756934306569343,127.12380952380951,0,0,15.915517241379316,0,0,1.8005,36.757272727272714,0,0,0,0,0,0,0,0,0,0,0,0,0
Sun Jun 07 2026,-1.0337586206896554,-0.694827586206897,114.1063829787234,118.88888888888889,-284.25555555555553,-123.19666666666667,408.021649484536,95,7.325,2.7559055118110236,135.33333333333331,0,0,16.17321428571428,0,0,1.8178947368421052,36.75909090909091,0,0,0,0,0,0,0,0,0,0,0,0,0
Sun Jun 07 2026,1.3137419354838715,1.001626016260163,131.88349514563106,131.3793103448276,-264.55555555555554,-136.13823529411764,411.8038095238096,95,7.2875,2.755797101449275,131.2108695652174,0,0,15.839285714285712,0,0,1.8034999999999997,36.754,0,0,0,0,0,0,0,0,0,0,0,0,0
Sun Jun 07 2026,20.66136842105263,16.446902654867262,255.17525773195877,326.7241379310345,-197.51052631578946,-271.8543478260869,492.69007092198575,94,93.73809523809524,2.749315068493151,129.42888888888888,0,0,15.766666666666667,0,0,1.8041176470588232,36.73478260869565,0,0,0,0,0,0,0,0,0,0,0,0,0
Sun Jun 07 2026,-12.96362295081967,-10.572131147540986,406.79,600.8333333333334,-83.83559322033896,-424.74218749999994,482.8190217391307,94,84.575,2.7479999999999993,129.4514285714286,0,0,15.575862068965515,0,0,1.8229999999999997,36.75181818181817,0,0,0,0,0,0,0,0,0,0,0,0,0
Sun Jun 07 2026,-2.030583333333335,-0.7091666666666667,395.2,576.8333333333334,-67.05263157894737,-414.7017857142856,490.1549132947976,94,66.50952380952383,2.7428571428571424,132.13421052631583,0,0,15.803571428571429,0,0,1.7723529411764702,36.745416666666664,0,0,0,0,0,0,0,0,0,0,0,0,0
Sun Jun 07 2026,-1.3293999999999997,-1.833333333333334,245.95049504950495,378.97435897435895,-140.22826086956528,-276.67142857142863,402.2232142857145,94,7.466666666666668,2.743150684931507,125.0642857142857,0,0,15.970909090909094,0,0,1.7852631578947369,36.72380952380953,0,0,0,0,0,0,0,0,0,0,0,0,0
Sun Jun 07 2026,6.648146341463418,7.449382716049388,218.4848484848485,654.2105263157895,-132.7018867924528,-249.64210526315787,371.65309734513266,94,7.378571428571429,2.7416,125.47999999999999,0,0,15.710714285714287,0,0,1.7910000000000004,32.65777777777778,0,0,0,0,0,0,0,0,0,0,0,0,0
Sun Jun 07 2026,-1.5894166666666663,-2.1741666666666664,317.58,477.8333333333333,-63.507017543859654,-314.0036363636364,363.79941860465135,93,7.328571428571428,2.703875968992248,132.51250000000002,0,0,15.847368421052629,0,0,1.7794117647058825,33.87857142857143,0,0,0,0,0,0,0,0,0,0,0,0,0
Sun Jun 07 2026,-9.909709090909093,-6.7927272727272765,404.66,687,-89.16346153846156,-417.8888888888888,476.8144736842103,93,7.31,2.718181818181818,141.78478260869565,0,0,16.085964912280705,0,0,1.7836842105263162,36.97619047619047,0,0,0,0,0,0,0,0,0,0,0,0,0
Sun Jun 07 2026,31.64523333333334,29.429166666666664,392.85,808.1666666666666,-90.6857142857143,-369.479365079365,494.98938547485994,92,7.3428571428571425,2.717355371900826,135.99655172413796,0,0,15.626666666666665,0,0,1.7855,36.855,0,0,0,0,0,0,0,0,0,0,0,0,0
Sun Jun 07 2026,36.620850000000004,33.8525,361.33,1605.8333333333333,-101.46363636363633,-391.20185185185176,526.855029585799,92,7.318181818181818,2.725,136.04473684210527,0,0,15.828070175438594,0,0,1.7719999999999998,36.864210526315794,0,0,0,0,0,0,0,0,0,0,0,0,0
Sun Jun 07 2026,152.02351923076927,123.24946236559141,171.21259842519686,2067.878787878788,-115.54399999999998,-350.03125000000006,540.8638655462183,91,7.25,2.7346153846153842,132.10294117647055,0,0,18.469642857142862,0,0,1.785625,36.8155,0,0,0,0,0,0,0,0,0,0,0,0,0
Sun Jun 07 2026,133.9027272727273,146.6227272727273,250.96923076923076,471.6666666666667,-186.45,-402.2470588235293,475.20555555555575,91.27884615384616,7.327272727272727,2.733035714285714,145.7688888888889,0,0,17.059649122807016,0,0,1.7877777777777777,36.76571428571428,0,0,0,0,0,0,0,0,0,0,0,0,0
Sun Jun 07 2026,-1.7290714285714284,-1.6587155963302753,186.71,186.8181818181818,-217.92291666666662,-184.28333333333333,415.8474137931034,91,7.300000000000002,2.7366071428571432,140.67083333333335,0,0,16.40357142857143,0,0,1.7775000000000003,36.740909090909106,0,0,0,0,0,0,0,0,0,0,0,0,0
Sun Jun 07 2026,-0.5822982456140351,-0.6433628318584083,136.75,141.25,-262.9444444444444,-148.37037037037035,414.3549019607843,92,7.449999999999999,2.7503311258278145,135.1625,0,0,16.49107142857143,0,0,1.788888888888889,36.76047619047619,0,0,0,0,0,0,0,0,0,0,0,0,0
Sun Jun 07 2026,6.884316666666669,15.184745762711858,228.34,295.45454545454544,-231.55121951219513,-272.88823529411764,495.254814814815,92,7.5,2.750000000000001,133.22340425531914,0,0,16.773214285714285,0,0,1.8463157894736841,36.73545454545454,0,0,0,0,0,0,0,0,0,0,0,0,0
Sun Jun 07 2026,18.608461538461533,7.957692307692313,285.99,312.5531914893617,-149.95,-298.22727272727275,481.1978417266187,92,7.4875,2.756428571428571,138.08378378378376,0,0,16.80862068965518,0,0,1.8305263157894733,36.72047619047619,0,0,0,0,0,0,0,0,0,0,0,0,0
Sun Jun 07 2026,-8.186666666666664,-1.3617647058823599,363.9,370.625,-97.77169811320758,-397.9444444444444,469.7618320610687,92,7.45,2.7421052631578946,141.33333333333334,0,0,16.64310344827586,0,0,1.821578947368421,36.71521739130436,0,0,0,0,0,0,0,0,0,0,0,0,0
Sun Jun 07 2026,9.675320000000006,5.06868686868687,350.9009900990099,364.2857142857143,-80.77454545454543,-386.78695652173917,456.32031250000006,91,7.438461538461539,2.7519736842105265,140.2826086956522,0,0,17.683050847457626,0,0,1.8205555555555557,36.732727272727274,0,0,0,0,0,0,0,0,0,0,0,0,0
Sun Jun 07 2026,24.371826086956517,23.184782608695663,455.5959595959596,466.53061224489795,-75.7537037037037,-497.9208333333333,583.185483870968,91,7.444444444444445,2.747297297297298,149.0885714285714,0,0,16.110909090909097,0,0,1.8270000000000004,36.6705,0,0,0,0,0,0,0,0,0,0,0,0,0
Sun Jun 07 2026,8.871326530612247,9.947959183673468,467.75,482.0833333333333,-98.87358490566038,-513.5,581.0099236641222,90,7.485714285714286,2.7496688741721855,146.40697674418604,0,0,16.37368421052632,0,0,1.808421052631579,36.6145,0,0,0,0,0,0,0,0,0,0,0,0,0
Sun Jun 07 2026,-4.061136363636369,-5.272727272727276,444.44554455445547,462.22222222222223,-107.39473684210527,-479.59999999999997,548.0046875,89,7.476923076923078,2.7521428571428572,147.9292682926829,0,0,15.923076923076925,0,0,1.8035000000000003,36.63999999999999,0,0,0,0,0,0,0,0,0,0,0,0,0
Sun Jun 07 2026,5.54551111111111,3.466292134831462,423.2929292929293,432.10526315789474,-66.31896551724135,-420.56874999999997,496.67478991596647,89,7.425000000000001,2.7435374149659864,147.66923076923072,0,0,16.26346153846154,0,0,1.8030000000000002,36.59875,0,0,0,0,0,0,0,0,0,0,0,0,0
Sun Jun 07 2026,1.9547555555555542,5.356179775280896,406.6969696969697,424.04761904761904,-52.35384615384616,-431.22307692307703,452.2704918032789,88,7.25,2.7382978723404254,143.821875,0,0,16.20535714285714,0,0,1.8,36.5947619047619,0,0,0,0,0,0,0,0,0,0,0,0,0
Sun Jun 07 2026,40.33516000000001,-7.951648351648353,334.7263157894737,386.6666666666667,-61.95294117647056,-413.71600000000007,449.48706896551715,87.13612565445027,7.211111111111112,2.7433823529411767,138.97,0,0,17.384615384615383,0,0,1.795,36.569047619047616,0,0,0,0,0,0,0,0,0,0,0,0,0
Sun Jun 07 2026,3.189604166666666,2.676842105263156,380.31,388.57142857142856,-52.4438596491228,-413.5458333333333,459.5596899224804,87,7.245454545454546,2.7490066225165557,145.8818181818182,0,0,16.466071428571432,0,0,1.8125,36.63818181818181,0,0,0,0,0,0,0,0,0,0,0,0,0
Sun Jun 07 2026,0.1336176470588233,-0.01911764705882346,365.1443298969072,367.5,-41.28431372549021,-374.46153846153845,415.3626262626263,86,7.299999999999999,2.753846153846154,147.16969696969696,0,0,16.17719298245614,0,0,1.8504999999999998,36.70909090909092,0,0,0,0,0,0,0,0,0,0,0,0,0
Sun Jun 07 2026,0.1336176470588233,-0.01911764705882346,365.1443298969072,367.5,-41.28431372549021,-374.46153846153845,415.3626262626263,86,7.299999999999999,2.753846153846154,147.16969696969696,0,0,16.17719298245614,0,0,1.8504999999999998,36.70909090909092,0,0,0,0,0,0,0,0,0,0,0,0,0